Label,Content
A,王仁甫和季芹日前認養了新寵物「OREO」，夫妻倆與女兒樂樂一起去接新成員回家。「OREO」聽話乖巧，屬於一般的貴賓狗，因為原本的飼主生病，加上牠罹患口腔腫瘤，一度要面臨被送至收容所的命運。中途愛媽接手後四處為「OREO」尋醫，如今終於等到王仁甫和季芹付出愛心，讓「OREO」重獲新生。志工團體「毛腿腿認養團」長期協助貓狗送養，中途愛媽Betty救援狗狗的資歷更超過10年，不少藝人也都從這些浪浪中領養到新的家人。因為生病或大齡的狗不易送養，「OREO」也花了一段時間找新主人，許多認養人都因為牠有腫瘤而卻步，Betty只能不斷祈禱希望天使認養家庭快點出現。王仁甫和季芹過去有豐富的養狗經驗，經過了解與評估後決定認養親人又愛撒嬌的「OREO」。雖然「OREO」已經7歲，但他們並不在意，親自接回「OREO」，並為其他送養中的狗狗宣傳。看到還有多隻品種狗等待新主人，他們也在自己的粉絲團上呼籲「真的拜託，沒有想清楚的人，求求你們不要買狗，這裡好多都是被主人棄養的！」同時鼓勵真心想養狗的人可以考慮「毛腿腿認養團」。粉絲們非常認同他們以領養代替購買的做法，更有鐵粉知道再養一隻狗一直是王仁甫的心願，感謝他們發揮藝人的影響力做出最棒示範。
A,陳禕倫在公視「我的婆婆怎麼那麼可愛」中飾演「胸大無腦」的幼稚猛男，「體力過人」吸引飾演「肉食女」的蘇晏霈無怨無悔包養，劇中三不五時就在狂吃，甚至不給女友留一口飯，被其他演員虧本色演出，他不好意思笑說，戲外在吃東西時確實會「忽略我還有女友」，一口吃完都不留給對方，經常招來女友碎念。陳禕倫去年認愛同是名模的女友鄒寧恩，女友看到他在「我」劇中的演出，簡直「笑歪」到不能自己，因為陳禕倫私下也超愛吃，5分鐘就能嗑掉一個便當，他無辜表示，不是不留給女友吃，而是對方在說想吃一點時，自己就已經吃光了，鄒寧恩則會氣到狂懟他至少20分鐘：「你不會問我要不要吃嗎？」、「為什麼都不留給我？」陳禕倫最怕被人碎念，一方面也覺得很好笑，所以會立刻邊笑邊道歉。除了愛吃，陳禕倫笑說，愛大笑、愛裸露也和自己私下行為一模一樣。「我」劇中有許多荒謬演出，陳禕倫還化妝成綠巨人浩克，他也放閃透露，演出喜劇時，很多都是參考女友生活中的行為，先是笑說：「她老是叫我受訪時不要再消費她了。」隨後又繼續爆女友的料，「她是一個很卡通的人，常會發出一些很荒唐的聲音，但又很合理、很可愛。」至於劇中「吃軟飯」行為，陳禕倫說自己在看劇本、準備角色時完全沒想到這一塊，只當角色自私自利、不顧他人，和蘇晏霈的演出合在一起時，才會發現角色吃軟飯行為；此外他本人也不會像角色一樣，老是把「分手」掛嘴邊，「這種行為超討厭，我比較迷信，覺得講久了會變真的。」戲外他坦言和鄒寧恩有結婚共識，只是才剛過低潮期，事業更要起步，希望等經濟基礎更穩定時再結婚。蘇晏霈(右)劇中迷戀陳禕倫飾演的「胸大無腦」肌肉猛男。圖／公視提供陳禕倫演出「我的婆婆怎麼那麼可愛」受討論。記者林俊良／攝影陳禕倫演出「我的婆婆怎麼那麼可愛」受討論。記者林俊良／攝影陳禕倫演出「我的婆婆怎麼那麼可愛」受討論。記者林俊良／攝影陳禕倫演出「我的婆婆怎麼那麼可愛」受討論。記者林俊良／攝影陳禕倫演出「我的婆婆怎麼那麼可愛」受討論。記者林俊良／攝影蘇晏霈(右)劇中迷戀陳禕倫飾演的「胸大無腦」肌肉猛男。圖／公視提供
A,台視「主播CP」王李中彥和陳家頤夫妻結婚滿周年，小兩口感情如膠似漆。陳家頤最近收到老公送的微笑造型鑽戒，希望她「常保微笑」，看似簡單的用意背後卻藏了段令人心疼的故事。陳家頤在受訪時坦言，原本懷了近3個月的寶寶，在產檢時沒了心跳，夫妻倆與新生命擦肩而過。陳家頤因為體質和健康因素，原本對懷孕就抱持著順其自然的態度，王李中彥也與愛妻有共識，做人一切隨緣。但在3月之際，陳家頤突然有喜，她悄悄將驗孕棒和超音波照片放在禮盒中，當成生日驚喜送給老公，兩人開始期待迎接新成員到來。就在快滿3個月時，陳家頤在例行產檢中，發現超音波照不出寶寶的心跳，她晴天霹靂，力保鎮靜接受流產事實，火速安排好後續手術，當天照樣回到主播檯播報新聞。堅強的陳家頤完成手術前後僅請假3天，多數同事都不知道她經歷了人生起伏，因為她排班上班一切如常。王李中彥不諱言本來有所期待，當下難免有失落感，但他更心疼愛妻，所以想盡辦法逗老婆開心，送上鑽戒、花束傳遞心意。一轉眼已經過去2個多月，陳家頤心情平復很多，保持正能量並配合中醫調養身體，笑稱王李中彥現在要負責「綵衣娛親」。王李中彥和陳家頤感情雖甜，走入婚姻後也花了不少心思經營、磨合。王李中彥會在與陳家頤逛街時，留意她的喜好，總想著要讓另一半開心。很難想像王李中彥以前的成長環境都是「他說了算」，在陳家頤身邊，他沒有大男人架勢，透過一起下廚、公主抱等舉動增添生活情趣。日前因忙家族白事，穿了高跟鞋一整天的陳家頤已經走不動，王李中彥一口氣揹起老婆走過3個路口，絲毫不在意路人目光。他們私下相處時幾乎吵不起來，陳家頤馭夫有術，在火氣上來時王李中彥就會先安撫、道歉。而陳家頤仍認為王李中彥有進步空間，在家務事上可以更加細心，王李中彥則希望老婆早點就寢。其實他們分工合作已算和諧，一路從相戀走到結婚，早就已經是彼此人生中的「神隊友」。王李中彥樂於當陳家頤的白馬王子。記者陳立凱／攝影陳家頤走過挫折考驗，已經恢復開朗樂觀。記者陳立凱／攝影陳家頤婚後與王李中彥感情更濃。記者陳立凱／攝影王李中彥和陳家頤攜手走過生命大小事。記者陳立凱／攝影
A,有「最美小龍女」之稱的李若彤，私生活一向低調，不僅感情世界無人知曉，年齡更是成謎，但她昨(16)日突然在微博發文，首度提及她當日正巧滿54歲，證實已迎向半百，「今天的我，走過人生的大部分，迎來了自己54歲的生日」。李若彤的感情世界不為人知，多年以來始終不婚不生，她則說：「理想的婚姻，是在對的時間遇到對的人，而不是將就。」並表示生命不由他人定義，所以這麼多年以來，她始終是為了自己而活，才會如此積極健身保持體態，「對我而言，身上確實必須有肉，但只能是肌肉」。李若彤的外型優雅且美麗，1995年與古天樂合演「神鵰俠侶」一夕爆紅，被譽為「最美小龍女」，但她卻在事業高峰時，與圈外男友郭應泉陷入熱戀，還為了對方淡出演藝圈，只可惜2人戀情最終並未開花結果，最終在2008年分手，她也曾在大陸訪談節目話及當年為愛引退的決定，語氣帶有一絲懊悔，「其實這樣對感情都不好，我應該保持自我，大家才會相處得更好」，如今她選擇讓自己一個人也要過得更好，普遍被認為是彌補當年過度在意他人眼光的缺憾。「最美小龍女」李若彤公佈真實年紀為54歲，她也透露自己多年不婚，是希望找到對的人，而不是將就。圖／摘自微博「最美小龍女」李若彤公佈真實年紀為54歲，她也透露自己多年不婚，是希望找到對的人，而不是將就。圖／摘自微博
A,哈利王子、梅根離開英國皇室之後仍然話題不斷，側寫2人心路歷程的新書「尋找自由」（直譯）出版後，立刻登上英美兩地的銷售冠軍，證明2人熱度未減。梅根曾是演員，並演出熱門戲劇「金裝律師」，若是重返影劇界，勢必又會讓各方熱議，英國「鏡報」就提到許多電影公司老闆，看準梅根的話題性，指名要她回歸影壇拍戲，更有不具名的影壇大老爆料，如果她願意回歸拍電影，包括片酬及分紅，整體收入至少會有5000萬美金(約新台幣16億)。此言非假，就連「魔鬼剋星」、「伴娘我最大」導演保羅費格都證實此事，指出許多電影大亨都已與梅根洽談，更有大牌經紀人強調「梅根演什麼，都一定會有人想看，畢竟這就是好萊塢的生態，不需要好演技，只需要票房吸引力」。梅根近幾年話題性十足，據傳已有不少電影公司老闆在洽談她復出影壇。圖／路透資料照片哈利王子(左)的愛妻梅根(右)話題性十足，據傳已有不少電影公司老闆在洽談她復出影壇。圖／路透資料照片
A,美國名嘴艾倫狄珍妮近日被製作團隊指控「虛偽」、「雙面人」，形象大傷，嚴重影響她的事業發展，即便她已經公開道歉仍難以彌補，沒想到，最近又有一名英國觀眾多娜出面再度爆料，指控艾倫的節目強迫在場觀眾做假效果，她當天出席節目時，還被淋得全身濕，卻沒人理會她。多娜向英媒「太陽報」指出，她一直是艾倫的粉絲，2018年獲邀能上她的節目一起玩遊戲，但沒想到一見到本人就美夢破滅。多娜指責艾倫性格冷漠，如果攝影機沒有打開，她就不會與在場觀眾對話，大多數時間都是坐著梳化不理任何人，「而且節目製作人要我們又叫又跳，但除非是艾倫問問題，我們才能說話，這真的很侮辱人」。多娜還說當天玩遊戲玩到全身溼透，卻完全沒人理會，放她一個人冷到直發抖，她也是等到節目錄完後才趕快去換衣服，「在這個節目要遵守很多規矩，就算不好笑也要拍手驚呼做效果，一點都不享受」。對此，艾倫與她的發言人尚未做出任何回應。由於艾倫的虛偽醜聞頻爆，但她仍照常工作，在道歉後不多回應，近期也有媒體人要她休個長假，至少先避避風頭，等日後再亮相道歉。艾倫狄珍妮頻被批判虛偽，更被爆料節目都做假效果。圖／路透資料照片
A,以「繼承之戰」演技大獲好評的金球獎視帝布萊恩考克斯確診新冠肺炎，他先前與「龐德女郎」歐嘉柯瑞蘭蔻合演電影，沒想到對方感染新冠肺炎，近期他也宣告確診，但目前已痊癒，回想當時，他的醫生在他感染肺炎時還恭喜他，主要是因為他在痊癒過後，體內已有新冠肺炎抗體。布萊恩日前接受「詹姆斯柯登深夜秀」的線上採訪，說他因為有糖尿病，每隔幾個月都會去驗血，先前驗血後被醫生告知身體狀況，還提及他曾感染新冠肺炎，但已經痊癒，他身上也有抗體，而他是無症狀的感染者，布萊恩才想起去年12月與妻子從倫敦回來，曾一直打噴嚏，但除此之外沒有其他症狀，「醫生跟我說，之前也有幾個確診新冠肺炎的病人也沒有其他病狀，僅僅只是打噴嚏，但這樣仍會感染其他人」，而他現今更看重身體健康，並呼籲外界一定要戴口罩，勤洗手，才能保護自己與他人。
A,女神主播房業涵自華視跳槽到東森，目前負責播報「東森假日晚間新聞」，以及平日「1700東森晚間新聞」，她上月18日正式播報，到明天剛好滿月，她是備受矚目的新生代主播，人還沒到東森前就流言滿天飛，她倒是很能看開：「我覺得名人被寫花邊很正常耶」，她認為既然選擇當了公眾人物，不管是正反面的影響都要能概括承受，頗有「進了廚房就別怕熱」的覺悟。當然她也不是一開始就這麼豁達，「我其實剛當主播的時候很在意，覺得為什麼我要被討論這些，但後來就領悟到，話題度越高，正反的討論一定也會跟著來，光芒越大，陰影也就越大，反正我做好自己的事就好。」她不到30歲便坐上當家主播大位，接著跳槽東森，耳語也隨之而來，外傳她被東森小老闆相中，所以才挖她進自家電視台，有網友酸她「主播就是要釣豪門」，爸爸是醫生的她笑說「拜託，我家境也很好耶，真的不需要！」她也清楚，以自己的年紀能有這樣的際遇，難免容易被外界揣測，「我覺得會被別人講一些故事是正常的，我的主管也告訴我要平常心看待，畢竟有些人可能會覺得你為什麼可以這麼幸運，你憑什麼，但我覺得，不招人忌是庸才，當然自己態度也要謙虛，好好跟前輩請教，所以來不到一個月，我的筆記已經寫滿滿，時間久了，大家自然就會知道你是怎麼樣的人。」至於男友看到小老闆的新聞是什麼反應？她笑回「還好耶，他也滿大氣看待，只說了一句『哇，又有新版本了』這樣。」她坦言，男友對她公眾人物的身分一開始不太習慣，但現在已經能慢慢接受，她為保護男友，在外約會也很謹慎，「我們在外面不太牽手，看起來就像朋友這樣。」她不介意公開戀情，但還是希望外界可以多給些空間，若有天修成正果，她也會樂於和大家分享。東森主播房業涵是頗受矚目的新生代主播。記者杜建重／攝影
A,鄧紫棋今(16日)過28歲生日，她在IG透露，阻止不了時間的流逝，那就瀟灑開心地迎接它。她近期擔任WeTV「明日之子樂團季」導師，最新一期節目助陣學員組成的「銀河系樂團」進行舞台公演演唱原創曲〈我走後的夜與晝〉，她並親自擔任製作人，協助學員完成該曲，透露對這首歌非常有共鳴，回想起剛出道時，很久很久沒回家的情景，「每星期可以跟家人一起吃飯、聊天，這種時光是非常珍貴的，尤其是你越長大其實越少。」鄧紫棋在助陣演出前緊張到偷偷練琴，直呼自己又緊張、又結巴，「不知道要說什麼了！」歐陽娜娜自曝，「紫棋姊一開口演唱時，讓我想到十四、五歲時，坐車去聽她的演唱會。」歐陽娜娜又說，「我會開始聽流行音樂，其實跟鄧紫棋有點關係。」透露鄧紫棋一開口，讓她回到剛開始認識流行音樂的時光。鄧紫棋在協助學員們排練時，為幫學員突破，親自下廚，卻在料理裡面加辣，消除學員們的緊張感，認為做音樂要打破心中的懼怕；但在練團時，卻被學員整回來，一位學員假裝休克，嚇得她直說，「你們現在沒有藉口打不準了！」學員原先認為她是一位高冷的人，沒想到在認識後是一個很親的人，「這麼大牌的明星，在舞台上唱歌彈琴，而我們在底下吃東西，現在想起來很不可思議。」
A,白家綺和老公吳東諺日前上衛視「一袋女王」，白家綺透露，因為夫妻倆都是藝人，外出不方便直呼對方名字，所以她跟吳東諺就會用接吻的「啾」聲互相呼喚，兩人再聽聲辨位尋聲會合，專屬的溝通方式超特別。白家綺說她跟吳東諺睡前有個愛的接龍儀式，不管是由誰先開始，另一個人就要接下去，一個單字一個單字的講出來完成「I will love you more tomorrow」，白家綺說這句話的好處是兩人就算有爭執也不會氣過夜，吳東諺補充說有次兩人有爭執時，他就開頭喊出I，但因為白家綺還在氣頭上故意不回應，於是他就不厭其煩的I下去，終於等到白家綺又氣又笑的回說：「I你個頭啦！」然後笑笑的接下去，兩人爭吵也就因此結束。白家綺說兩人如果在外面，因為都是藝人不方便喊出名字，就會用接吻「啾」的聲音呼喚彼此，像有次兩人去賣場買東西，白家綺先進去購買，後腳才走進去的吳東諺就開始用接吻的聲音呼喚，白家綺聽到聲音後也發生相同的聲音，互相聽音辨位會合，讓主持人曾國城笑說：「賣場會不會以為有老鼠啊？」全場笑翻。
A,東森新聞台「台灣1001個故事」今晚將播出500集，從2009年4月開播到現在，已經超過10個年頭，超過1001個故事，製作人白心儀回憶，當初這節目其實是想要講述、紀錄各行各業辛勤打拼的「人的故事」，所以雖然知道民眾對美食的熱愛，但她仍堅持這不是美食節目，而是美食背後的堅毅、傳承和關懷，所以當節目因為美食打響名號、收視也穩定後，白心儀便開始發掘台灣各角落的感動人物，報導過為傳統工業守住傳承的老師傅們、白手起家點滴累積出事業成就的夢想家們，以及深入偏鄉默默付出的公益團體。在今晚的節目中，製作單位聯繫上10年前訪問過的主角們，包括台灣胡椒蝦大王之稱的賴秋基，10年的時間，賴老闆為健康減重二十公斤，一對兒女畢業後成為最可靠的左右手。在2009節目開播的同一年，有一個19歲的小男生張芫傑，用打工存下來的錢，幫媽媽買了一台烤箱，張媽媽很會做蛋糕，但那時張爸爸被朋友拖垮債務，工作和房子都沒了，媽媽只能到銀行當清潔工。後來這一台烤箱，改寫了整個張家的未來。10年後的今天，全家人，包括芫傑的爸爸媽媽弟弟，一起為他們的蛋糕王國努力打拼，此外，還開了兩家蛋糕店，成為鹿港的美食新地標。這場10年後的同學會感動滿滿。白心儀(中)再訪十年前報導主角胡椒蝦大王(右)。圖／東森新聞提供
A,中天「小明星大跟班」今錄影巧逢Sandy的30歲生日，主辦單位特地為此舉辦一場驚喜慶生會，由於主辦單位把慶生會流程保密到家，不僅主角Sandy毫不知情，連爸爸吳宗憲也被蒙在鼓裡，正當兩人一如往常地準備開場時，突如其來的「生日快樂歌」響徹全場，讓Sandy又驚又喜的表示：「太感謝啦！」趁著Sandy還沒反應過來，主辦單位趁機將訂製的翻糖蛋糕推上場，Sandy許願：「希望節目能繼續收視長紅，我們能做更多越來越有趣的單元，也希望阿咪老師，拜託不要在講鬼故事的時候嚇我啦！」而吳宗憲則對Sandy喊話：「希望我們能再因為這個節目，再上台（金鐘獎）一次，那個漢典跟Lulu一天到晚叫我跟他們一起上，我才想跟妳（Sandy）一起上台，才不要跟他們咧！」主辦單位預告有一位神秘嘉賓即將驚喜現身，緊接著下一秒攝影棚的電視機中出現了一位巨星，那就是Sandy從小到大最喜歡的楊丞琳，看著楊丞琳親自錄製的祝福影片，Sandy的眼淚忍不住在眼眶中打轉，吳宗憲馬上在一旁解釋：「她從小就很喜歡丞琳，每次只要我出去錄影，她都會一直和我說有遇到丞琳一定要請她簽名，還要知道丞琳的動向。」Sandy自嘲：「其實我只是長得比較淡定，我內心很激動，手汗一直流。」
A,「華視晚間新聞」主播連昭慈今受邀擔任中職樂天桃猿辣酷甜趴開球嘉賓，也是首位擔任樂天桃猿主場的新聞主播，連昭慈透露為了這次活動有特別做仰臥做和抬臀運動，想讓身體線條結實一點，她說：「為了再瘦一點，已經好幾天沒有好好吃飯了，開球結束後一定要大吃大喝一下！」今天開球活動由桃猿樂天的人氣球星「詹帥」詹智堯擔任指導，在球場牛棚現場教主播連昭慈如何投球，一開始連昭慈還抓不清楚力量方向，兩次球砸到拍照攝影身上，讓現場工作人員笑聲不斷，再練習幾次後表現漸入佳境，讓球星詹智堯直說：「主播很有天分，只要再練幾次相信會投得很好。」連昭慈則笑說：「之前看其他幾位嘉賓開球感覺沒這麼難，沒想到其實還真的滿難的」。 而在球團臉書公告由主播開球後，也吸引許多粉絲回應，不少粉絲期待能聽到新聞主播的口吻播報現場賽事，因此特別安排了連昭慈挑戰播報樂天桃猿、中信兄弟兩隊比賽的先發陣容，也是樂天桃猿主場首位播報比賽先發陣容的主播。華視主播連昭慈任開球嘉賓。圖／華視提供
A,唐禹哲、蔡黃汝、王家梁、程予希等人16日出席三立「我的青春沒在怕」粉絲見面會，提到即將登場的吻戲，唐禹哲、蔡黃汝分享，當天在河堤邊拍吻戲，畫面中看似是兩人世界，其實超多阿伯、婆媽圍觀，還興奮直喊：「親下去！」問到最喜歡接吻的地點，唐禹哲答案相當「偶像劇」，覺得在頂樓看著夜景接吻特別浪漫，還會幻想有空拍機拍攝旋轉畫面。張雁名喜歡在微微細雨的氛圍中接吻，被其他人虧約會還有「雨天限定」。程予希則分享最糗接吻經驗，高中的一個冬天談初戀，當時男友忽然靠很近想要吻她，讓她緊張到心跳超大聲，覺得對方應該有聽見，沒想到她卻在「關鍵時刻」打了一個大大的噴嚏，還流出鼻涕需要用衛生紙擦，當天的初吻宣告失敗，直到隔一天才正式獻出初吻。張雁名則透露有一次接吻被女方的高跟鞋踩到，他痛到嘴唇都在抖，只好「喊卡」。張雁名與臧芮軒在劇中是「大叔與小蘿莉」的組合，張雁名坦言戲外也曾與小12歲的女生交往，對方說話時很多「流行用語」他都不明白，至於最終分手原因，他笑說：「對方年紀太輕，交際應酬比較多，我都（晚上）11、12點就想睡，約會到10點就覺得有點晚了。」「我的青春沒在怕」演員群出席粉絲見面會。圖／三立提供三立八點華劇「我的青春沒在怕」昨天舉辦粉絲見面會，演員唐禹哲（左）、蔡黃汝（右）出席。記者葉信菉／攝影 葉信菉三立八點華劇「我的青春沒在怕」昨天舉辦粉絲見面會，演員唐禹哲（左）、蔡黃汝（右）出席。記者葉信菉／攝影 葉信菉三立八點華劇「我的青春沒在怕」昨天舉辦粉絲見面會，演員唐禹哲（後排右三）、蔡黃汝（後排左三）、王家梁（右一）、程予希（右二）大玩親親。記者葉信菉／攝影 葉信菉
A,準金曲新人告五人、高爾宣昨晚在「2020臺南將軍吼音樂節」同台，以各自魅力征服全場粉絲，而在主持人帶動之下，眾人一起大聲宣布金曲最佳新人獎得獎者為高爾宣，隔空替他加持，高爾宣直呼感謝大家的支持，感覺超爽，但怕沒拿到獎會對不起大家。首日以硬派、搖滾、饒舌等流行元素製作「王者降臨」主題，因「狼人殺」爆紅的婁峻碩、陳零九輪番登台，婁峻碩有女友焦凡凡陪同南下演出，相當甜蜜，演唱「COLORFUL」時不甩大雨，即興走下舞台和前排觀眾互動，氣氛頓時升到頂點；陳零九一連帶來「漫漫長夜」、「天黑請閉眼」等歌曲，雖然天公不作美下起滂沱大雨，但澆不熄觀眾的熱情。周興哲上周完成2場小巨蛋演出，昨晚壓軸上台帶來「怎麼了」、「Something about LA」共4首歌曲，「2020臺南將軍吼音樂節」今日陣容為關詩敏、老王樂隊、白安、吳汶芳、孫盛希及徐佳瑩，開放觀眾免費入場，另也可透過MTV台、三立國際台、MOD三立綜合台跟三立電視Youtube頻道、Live ME等線上平台觀看直播。周興哲壓軸登台獻唱。圖／臺南市觀光傳播局提供高爾宣帶來多首夯歌。圖／臺南市觀光傳播局提供
A,K. Swo曾以本名許晉豪出道，卻成一片歌手，隔14年以饒舌歌曲「太熱了」再戰歌壇，今上街頭脫衣快閃演出，精實肌肉讓人大飽眼福。他提到當年發片成績不佳，毅然而然把音樂夢深藏於心，卸下光環轉行當上班族、投資房地產等，如今一舉圓夢，究竟存了多少積蓄？他笑說：「應該夠做幾張專輯。」荷包滿滿的他外型酷帥，心思卻無比感性，坦言以為每段戀愛都會走向結婚的happy ending，無奈事與願違，跟上任女友分分合合2年多，約在2個月前恢復單身，「我心很軟，很容易復合。」隨後他又充滿自信，笑稱不會主動把妹，多是女方投懷送抱？K. Swo急忙否認：「都是朋友介紹！女生不敢主動跟我打招呼，因為我的臉（很兇）。」而他和愷樂有段舊情，今一度避談細節，最後只透露2011年透過朋友介紹，交往6年在2017年分手，後來偶有聯繫，日前愷樂捲進小豬和周揚青的感情風暴，他傳訊鼓勵她不論事情變得多糟，總是會變好的，隨後不忘強調：「我不太想消費人家。」K. Swo今上街脫衣秀肌肉，渾身刺青成為注目焦點，當中左胸口有亡友高以翔的肖像，他感性表示：「2006年在夜店認識高以翔，他是我最愛的人。」高以翔去年不幸離世，K.Swo在告別式時難過暴哭，今年1月在胸口留下刺青紀念，身上有無蝴蝶之類的情侶刺青？他笑說：「結婚之後可以刺，不然就要刺到上百個了。」K. Swo上街脫衣，快閃獻唱新歌「太熱了」。圖／上城娛樂提供K. Swo曾以本名許晉豪出道，隔14年後再戰歌壇。圖／上城娛樂提供
A,《炮仔聲》女星璟宣今天擔任《藍鑽團隊挺胸up內衣》活動大使，首度以內衣造型走秀，平日深藏不露的32E傲人雙峰，驚艷全場。《炮仔聲》女星璟宣今天擔任《藍鑽團隊挺胸up內衣》活動大使，首度以內衣造型走秀，平日深藏不露的32E傲人雙峰，驚艷全場。記者林伯東／攝影《炮仔聲》女星璟宣（中）今天擔任《藍鑽團隊挺胸up內衣》活動大使，首度以內衣造型走秀，平日深藏不露的32E傲人雙峰，驚艷全場。記者林伯東／攝影《炮仔聲》女星璟宣今天擔任《藍鑽團隊挺胸up內衣》活動大使，首度以內衣造型走秀，平日深藏不露的32E傲人雙峰，驚艷全場。記者林伯東／攝影《炮仔聲》女星璟宣（中）今天擔任《藍鑽團隊挺胸up內衣》活動大使，首度以內衣造型走秀，平日深藏不露的32E傲人雙峰，驚艷全場。記者林伯東／攝影
A,香港女歌手施匡翹7月18日時被確診感染新冠肺炎，連同經紀人、宣傳人員，以及經紀人的男友男星麥德羅，也都檢測確診，歷經24天的住院隔離治療，在8月12日已康復出院。不過她在住院期間沒有接受藥物治療，有醫師就上網投書，指她這樣的行為是做了最壞的榜樣。有位署名為「現役 Dirty Team 醫生」的醫師，投書給媒體指看到施匡翹住院隔離治療期間堅持不接受藥物治療的新聞，對此感到很失望，「也許施匡翹認為自己年輕，不接受治療也沒有所謂。慶幸施匡翹今次押注成功了，可以康復出院」，不過她住院24天，比起其他病人平均住院時間7~14天要多出不少，認為她這樣做會帶給院內醫護人員潛在風險，另外就是影響到公共醫療體系統的負擔，更語重心長表示「如果人人也選擇治療法，讓隔離病房和社區治療設施長期爆滿，最後受害的當然就是其他病人，香港人也要因此埋單。」、「施匡翹的例子絕對不是一個勵志的故事，而是一個最壞的榜樣」。對於有醫師投書質疑，施匡翹則在社群做出回應，「由入院起，整個過程都遵從醫生的診斷及安排，以及每天和醫護人員保持聯絡。期間主診醫生建議我不用藥，原因是由於我一直沒有特別的病徵和年齡不大，一般會慢慢好起來，在完全信任主診醫生的專業下，選擇這個情況下最合適的治療方法。」，同時也透露「在重拾自由的那一刻，真的很感動。在這裡再次衷心感謝所有的醫護人員。」。施匡翹發文回應堅不接受藥物治療的原因。 圖／擷自施匡翹臉書
A,楊丞琳在出道20周年之際推出新歌「像是一顆星星」，由老公李榮浩製作、填詞，夫婦合力誕出作品，實為喜事，李榮浩說有20年經歷的藝人都有共同點，追求的東西一旦過了某段時間，就會越來越專注在專業上面，這個時候即使不發光，也已經是顆星星，「即使私下很輕便，但也是自帶了星星的魅力。」顯見在他眼中，老婆魅力非凡。夫婦受到疫情影響長期分隔兩地，這回是楊丞琳出道以來首次採用雲端錄音，與製作人分開完成的作品，日前她穿著MOSCHINO當季亮片水晶禮服，搭配手工星星頭飾拍攝單曲封面，為此控制飲食數月，她忍不住說等收工後就要點杯珍珠奶茶犒賞自己。「像是一顆星星」同時也是她的「LIKE A STAR」出道20周年世界巡演主題曲，另換穿法國高級訂製服品牌Alexis Mabille，展現和主題相互輝映的高貴古典美。她宣布演唱會於11月6、7、8日在台北小巨蛋起跑，表示：「在籌備這場新巡演的一開始，我並不確定自己還能做什麼？但是在這個探索的過程中，我一直在思考下一個階段的楊丞琳還能做什麼？我很幸運能夠和一群專業人士合作，因為有這些幕後精英投射在我身上的任何想法，都一點一滴成就了舞台上發光的我。」主題曲「像是一顆星星」17日在Hit Fm電台首播，18日數位上架。楊丞琳宣布舉辦出道20周年巡演。圖／環球音樂提供
A,王敏德和名模馬詩慧擁有2個女兒王曼喜、王麗嘉，身材火辣，作風大膽，被譽為「最辣星二代」，近期她們為內衣品牌拍攝寫真，展現波濤洶湧畫面，性感好身材獲得網友一致讚賞。只見在這些照片中，王曼喜、王麗嘉穿上無肩帶內衣，2人身材一樣火辣，大露豪乳，小腹也很平坦，甚至還有肌肉線條。王敏德與2個女兒感情極好，2女常常分享性感火辣照，讓王敏德為女兒驕傲，王曼喜還曾公開出櫃表明自己是雙性戀，也公開攝影師女友照片，然則一向開放的王敏德也完全接納，還曾在受訪時表示，見過女兒女友三次，稱讚對方很有禮貌，很友善，懂得尊重人，是做IT行業的。
A,玖壹壹昨晚首度在澎湖舉辦演唱會，特別演唱格具意義的夯曲「9453」，他們透露MV就是在澎湖取景，點閱已破6千萬，建志興奮直呼：「就是這首歌的關係讓我們來到澎湖！」讓超過千名的粉絲熱血沸騰。現場宛如同樂會，春風不時跑向台下與粉絲擊掌，演唱「派對俠」時則玩起「先齊蹲後高跳」的指令，開心地命令全場跳起來，盡情享受音樂。恰巧今天是健志的27歲生日，洋蔥率領粉絲獻唱國、台、英3種版本的生日快樂歌提前替他慶生，健志則把3個願望通通獻給洋蔥，「洋蔥喝1支、洋蔥再喝1支、洋蔥再喝第3支」，洋蔥乖乖聽話豪飲3瓶，惹得全場哄堂大笑。而為回饋成年粉絲，他們發給眾人1瓶啤酒，唱完「我跟你卡好」後，建志、洋蔥紛紛高舉啤酒與大家乾杯，建志自嘲：「這樣玩下去，可能到第4首歌我們就不行了！」洋蔥打趣回應：「我怕我會邊唱邊打嗝！」由於真的喝了太多酒，洋蔥、健志險些憋不住尿，開玩笑地說：「有看過藝人唱歌彎彎的嗎？膀胱真的好脹！」氣氛熱絡。玖壹壹一連獻唱超過22首歌曲，氣氛嗨翻。圖／混血兒娛樂提供玖壹壹在澎湖舉辦「開湖一夏」夏日演唱會。圖／混血兒娛樂提供
A,有「最美小龍女」之稱的李若彤，16日是她的生日，不避諱的公開自己迎來54歲的生日，至今都未婚單身的她，也透露為何一直不結婚的原因。李若彤16日迎來她54歲的生日，特地在微博發長文，「今天的我，走過人生的大部分，迎來了自己54歲的生日。或許，在一些人的眼中，這個年紀，早已不是一個女人、更不是一個女演員的黃金時期了」，而54歲的她經常被問到為何還不結婚，她也揭開原因「我始終覺得—— 理想的婚姻，是在對的時間遇到對的人，而不是將就」。對於外界總認為30歲之後的女人巔峰已過，她則認為「無論在何時，無論什麼年紀都不應該止步不前，總有我未曾嘗試過的，總有我不曾瞭解過的新鮮事物出現，我們總要保持好奇地活著」。54歲的李若彤平常有健身運動的習慣，因此有著平坦的小腹，更有明顯的馬甲線、六塊腹肌，所以當外界認為「有人覺得，女人年輕時候必須瘦，到了一定年紀，身上又必須有點肉」，這樣的觀點對她來說則有另一種解釋「身上確實必須有肉，但只能是肌肉。」。李若彤自曝真實年齡是54歲。 圖／擷自李若彤微博
A,吳佩慈與富商男友紀曉波交往多年，生下2子2女，不過近來紀曉波頻傳有財務危機，日前旗下公司「博華太平洋」在香港的股價已經跌到剩下0.01港幣（約0.03台幣），面臨下市的危機，現在港媒更爆出之前送給吳佩慈的價值3.3億人民幣（13.9億台幣）豪宅，已經第三度抵押籌錢。據香港「壹週刊」報導，4年前紀曉波曾送給吳佩慈一棟位在香港西半山的雙層豪華海景豪宅，但如今隨著紀曉波屢傳財務危機，這棟豪宅在今年6月第三度抵押給「泓港財務」籌錢，面對男友的財務危機，吳佩慈則看起來一派淡定，日前還在社群上分享外帶麻辣鍋回家吃的照片，還表示「沒有什麼事是一頓火鍋解決不了的，如果有，就兩頓。」。
B,搶占高雄都會公園第一排的大樓建案「鼎宇森風景」今天慶祝完工，邀請承購戶親友團歡聚一堂，進行一場建築美學的體驗之旅，鼎宇董事長張調也捐出100萬給高雄市百善社會福利慈善基金會，以行動善盡建築人對社會弱勢的關懷。樓高24層的鼎宇「森風景」，基地正對100公頃的高雄都會公園，「品」字形的雙塔設計，戶戶三面採光，高樓層可天天欣賞無敵森林綠意，公開才3個月就銷售達8成，目前僅剩30多戶，吸引不少醫生、教授及自營商成為鄰居，左營、鼓山甚至台北也有人跨區購買。鼎宇建設董事長張調畢業自成大建研所，投入創業以來，因成功打造高雄河堤社區，奠立品牌形象，之後再戰美術館區，也因對建築品質近乎苛求，贏得口碑。如今他陸續在橋頭新市鎮買下高雄都會公園第一排進行「造鎮」，可望讓橋頭新市鎮也出現與美術館建案等量齊觀的「好」宅。採先建後售的「鼎宇森風景」，比照美術館園區的豪宅標準打造，3個月前公開後，銷售率衝高，200多戶現剩2、30戶。鼎宇今天舉辦完工酒會，承購戶均帶親友團前來鑑賞，十分熱鬧。這批建案，包括大廳等樓層公共空間均使用前台銀退休經理鄭恩賜的畫作妝點，增添幾許文藝味。董事長張調並捐出100萬給高雄市百善社會福利慈善基金會讓愛流轉，與「鼎風景」建築之美相得益彰。「鼎風景」每坪成交價依樓層的不同落在20至23萬，不過張調透露，目前營造及土地成本高漲，幾乎只能打平，但在所不惜，他只想塑造另一個「美術館區」，拉平城鄉差距，讓更多人也能享受像美術館區的優質生活，否則這麼大的都會公園不好好利用，是暴殄天物。鼎宇建設在橋頭新市鎮推出的「森風景」今舉辦完工酒會。記者王昭月／攝影鼎宇建設董事長張調希望在橋頭新市鎮，打造成另一個高雄美術館優質住宅區。記者王昭月／攝影鼎宇森風景正對百公頃的高雄都會公園，可享無敵綠意。記者王昭月／攝影
B,"台中市大墩國際青年商會今（16）日假台中后里水映親子露營區，舉辦「唐寶寶夏日童樂會」，大墩青商當場將此次的活動經費，全數捐贈給唐氏症基金會。今天活動非常豐富，除了豆志服務社鼓陣表演、認識昆蟲、點心大會師、小朋友闖關活動之外，sNug健康科技襪也贊助200雙襪子。現場也開放民眾樂捐，不限金額就可以自己選一樣唐寶寶準備的伴手禮。大墩青商會長林育生表示，青年商會本著服務人群的目的，每年都會舉辦愛心公益活動，看著唐寶寶闖關遊戲中天真無邪的笑容，還有見到他們與家長一起玩水、在沙灘玩遊戲，以及在草地上奔跑，一切的辛苦都值得了。社團法人中華民國優質家庭教育發展促進會，多年來深根於輔導青少年圓夢，與生態保育觀念的推廣。這次與大墩青年商會及水映露營區合作舉辦活動，現場搭設七個體驗區，分別為3D列印達人、小小科丁工程師、氣球小頑童、甲蟲王者、考古DIY大考驗、烘焙大師、魔術玩創意。並由協會志工與教育部青年發展署109年青年暑期社區職場體驗計畫的青少年工讀生帶動下，讓唐氏症與肯納症的孩子們，體驗與操作平常學不到的知識與技能，並延伸教育部推動科丁教學的核心，使孩子感受科技帶來的便利與未來性。而現場也會有豆志服務社所領軍的生態小尖兵講師群，為孩子們介紹各種生態動物，與讓他們了解目前地球遇到哪些問題及因應之道。生態小尖兵培訓計畫為豆志服務社自發性的長期專案，目前已於全台超過百所中小學進行教學，並培訓了約5,000名生態小尖兵。林育生強調，要改變台灣與地球，必須從教育著根，當我們害怕於手機網路對青少年危害的同時，是否想過如果將科技的力量導向生態保育，愛地球，救環保，並且讓青少年置於這場環境革命的前端，如此一來，他們將擁有目標與使命，科技對他們而言，也會從沉迷轉變為正向力量。此次活動的協辦單位水映親子露營區表示，水映是讓家庭享受歡樂時光的休閒空間，團隊相信透過戶外體驗，可以讓小孩更自主、正向增進家庭間的情誼。林育生說，這次邀請弱勢協會的寶寶家庭，共同參與露營體驗活動，提供正面陽光的鼓勵，更希望各界夥伴一同來參與；未來青年商會還是會繼續本著服務的熱誠，愛心不落人後，繼續付出熱血，這就是社團的使命。天真無邪的小朋友們一起玩水。記者宋健生/攝影台中市大墩國際青年商會今日假台中后里水映親子露營區，舉辦「唐寶寶夏日童樂會」。記者宋健生/攝影大墩青商當場將此次的活動經費，全數捐贈給唐氏症基金會。記者宋健生/攝影"
B,基本工資審議委員會將於18日召開，勞方委員定調「一定要調漲」，資方委員則認為，若只是微幅調漲就是「為漲而漲」，但參考相關數據勢必凍漲，不如年底再審議。勞動部每年第三季會召開基本工資審議委員會，委員會由勞資政學四方委員組成，討論基本工資是否要調漲，而勞動部日前已發出開會通知，今年基本工資審議委員會將於18日召開會議。對於基本工資審議，勞方委員已做出共識，認為基本工資曾凍漲10年，即便今年受疫情影響，但基本工資仍應上調。不過，資方委員許舒博則認為，疫情持續中，現在討論基本工資，數字變化一定不會太大，如果只是調一點點就是「為漲而漲」，沒什麼意義。許舒博也說，這次討論基本工資若參考相關數據，「那根本不用參考」，因為數據不好看，一定是凍漲，若不參考相關數據，那麼以後開會該參考什麼。許舒博建議，「事緩則圓」，應該等年底數據比較明確之後再來討論基本工資，現在討論的基本工資都是明年才開始適用，距離明年都還有一段時間，不急這時來做決議。許舒博也說，今年是特殊的一年，目前政府也正規劃紓困3.0，或許可以等紓困3.0之後再來討論基本工資是否要調整，屆時數據已較為明確、整年度狀況也比較明朗，那時來調整大家沒話說。資方委員鄭富雄則說，今年疫情影響產業，影響程度如何、影響到什麼產業導致下半年經濟是好是壞，各方都有不同說法跟想法，但目前看壞的人仍較多。
B,勞動部18日將召開基本工資審議會，討論明年基本工資是否要調漲，勞方委員已做出共識，認為基本工資曾凍漲10年，即便今年受疫情影響，但基本工資仍應上調。勞動部每年第三季會召開基本工資審議委員會，委員會由勞資政學四方委員組成，討論基本工資是否要調漲，勞動部日前已經發出開會通知，今年基本工資審議委員會將於18日召開會議。過往基本工資審議前，勞方委員都會開「會前會」討論共識，在會中提出希望的漲幅及數額，但由於今年審議委員會委員有部分是新委員，因此僅有訊息交流。不過，勞方委員、全國產業總工會代表莊爵安表示，勞方委員一致的共識就是基本工資應該往上調漲，至於調幅、數額多少則各有想法。莊爵安表示，目前基本工資還不符合台灣最低生活水平，因此有調漲的空間，且今年又是總統蔡英文連任第一年，難道連任第一年就不調漲基本工資了嗎。勞方委員、台灣總工會代表游宏生則說，勞工陣線一貫期待基本工資應該調漲，基本工資過去曾凍漲10年，薪資落後多年，即便調漲也只是把過去的薪資補回來。此外，游宏生也說，雖然今年國內經濟社會受疫情影響，但疫情不該是理由，「紓困是治標，基本工資則是治本」，基本工資是保護勞工的機制，政府單位仍應保護勞工、讓基本工資可以符合大家期待及支持基本生活條件。台灣勞工陣線秘書長孫友聯則認為基本工資有調漲的必要，孫友聯說，ILO認為，雖然各國遭受武漢肺炎疫情侵襲而導致經濟衰退，但最低工資可以保護處於脆弱境況的勞工減少工作貧困，同時增加消費需求、促進經濟穩定。全國產業總工會則認為，今年武漢肺炎疫情衝擊全球，台灣也無法倖免，但國際間包含韓國、澳洲、約旦等國家仍決定調漲基本工資，在政府已對受影響的相關產業提出特別的紓困和救濟方案後，雇主團體實在不應再以此作為「凍漲」基本工資的理由。全產總說，訂定基本工資的目的，在於照顧勞工及其家庭最低生活安全，唯有制度性推升基本工資，才足以保障弱勢勞工生活。
B,勞動部18日將召開基本工資審議委員會討論基本工資，學者認為，依據過去審議指標，過去一年數據幾乎都為正成長，若不調漲、勞工團體恐難接受，但要調也可能僅微幅調漲。基本工資審議委員會由勞資政學四方委員共同組成，依照基本工資審議辦法，於每年第3季時開會決定基本工資是否需要調整，勞動部日前已發出開會通知，將於18日召開會議。國內經濟社會今年受新冠肺炎疫情影響甚鉅，不少產業尤其住宿餐飲、製造業更是重災區，在基本工資工作小組會議時，已經有許多資方代表認為疫情對產業產生衝擊，這時不應該調漲基本工資；相較於資方，勞方代表則認為基本工資曾凍漲10年，仍應該調漲。基本工資調或不調在新冠肺炎疫情影響下更備受關注，台大國發所副教授辛炳隆認為，依照過去基本工資審議指標，包含經濟成長率、消費者物價指數、核心物價指數等，綜合去年下半年及今年上半年數據都是正值，「如果不調漲，勞工團體難接受」。不過，辛炳隆也認為，縱使調漲，調幅也不大，因為調幅若要大必須有合理論述，目前已經有許多勞工團體表態應該調，但能理解資方的難處，因此綜合這些情況，不調跟大幅調整的可能性都比較低。政大勞工研究所專任教授成之約則認為，基本工資應該會調，但考量對企業界的衝擊，調幅不高，且可能只調整時薪，除了要落實每年都要調漲基本工資的承諾外，由於時薪制勞工多分布在住宿餐飲業等服務業，現在服務業稍回溫，若調整時薪可讓勞工實質受惠。此外，基本工資調漲，學者也認為產業成本會增加，但辛炳隆認為，成本增加幅度不大，應該不會成為壓死駱駝的最後一根稻草，尤其為了疫情，政府其實也撒了很多錢投入紓困。辛炳隆說，現在實施減班休息的統計約2萬多人，但其實也有很多企業實施減班休息卻沒有遵守每個月還要給勞工基本工資的規定，因此實際減班休息的人數絕對比數據顯示來得多，但也因這些人本來就沒有遵守給基本工資的規定，所以不論基本工資調多少對他們影響應都不大。
B,桃園國際機場第三航廈主體工程今年5月第4度招標，8月21日將開資格標。交通部長林佳龍一直希望能由國內廠商籌組國家隊興建；但桃機公司目前掌握的狀況，外商主導的機會較大。桃機第三航廈2017年5月開工，機坪、滑行道等工程都已施工，最重要的主體工程卻流標3次，主要是難度高、經費低，讓廠商卻步，3次都無任何廠商投標。林佳龍上任後要求徹底檢討，桃機3月通過第三航廈修正計畫，將總經費從新台幣789億元提升至950億元，其中主體航廈工程費從445億元增加至537億元，同時取消原本繁複的天窗設計。桃機公司說，21日將先開資格標，年底前再開技術標，目前多家國內外廠商正洽談合作，究竟有多少團隊會參與競標，21日才會揭曉。第三航廈是台灣近幾年最大型的公共工程標案，雖然目前受到新冠肺炎疫情影響，航空業嚴重受創，但交通部認為正是投入興建新航廈的好時機，第三航廈完成後，桃園機場將更有競爭力迎接景氣復甦新挑戰。林佳龍希望能有國內廠商籌組興建第三航廈的國家隊，桃機公司也主動了解廠商意願。桃機公司坦言，國內廠商不排斥參與第三航廈主體工程建設，但現階段因政府推動前瞻計畫，加上台商回流在國內建廠，很多國內營造廠幾乎都有多項建案在推動，若要參與第三航廈主體工程，無力擔任主投標商。桃機說，包括日本、韓國及印尼等國外營造商對第三航廈主體工程招標案有高度興趣，都正分別接洽國內廠商談合作，第三航廈主體工程可能會由國內外廠商共同投標，但由外商主導機會較大。據了解，有興趣投入第三航廈主體工程的國外廠商，有日本大林組、日本大成建設、韓國三星集團、印尼國營營造商威佳雅卡雅WIKA；外商接洽的台灣廠商則有互助營造、大陸建設等多家。根據桃機公司新修正的第三航廈建設計畫，將採分階段完工，預計2024年北登機廊廳先啟用，主航廈2025年試營運，南登機廊廳2026年初完工。根據桃機公司規劃，第三航廈每年可服務2000萬人次旅客，後續開發的衛星廊廳啟用後，第三航廈每年服務的旅客量可再增加至4500萬人次。
B,基本工資審議委員會將於18日召開，勞方委員定調「一定要調漲」，資方委員則認為，若只是微幅調漲就是「為漲而漲」，但參考相關數據勢必凍漲，不如年底再審議。勞動部每年第三季會召開基本工資審議委員會，委員會由勞資政學四方委員組成，討論基本工資是否要調漲，而勞動部日前已發出開會通知，今年基本工資審議委員會將於18日召開會議。對於基本工資審議，勞方委員已做出共識，認為基本工資曾凍漲10年，即便今年受疫情影響，但基本工資仍應上調。不過，資方委員許舒博則認為，疫情持續中，現在討論基本工資，數字變化一定不會太大，如果只是調一點點就是「為漲而漲」，沒什麼意義。許舒博也說，這次討論基本工資若參考相關數據，「那根本不用參考」，因為數據不好看，一定是凍漲，若不參考相關數據，那麼以後開會該參考什麼。許舒博建議，「事緩則圓」，應該等年底數據比較明確之後再來討論基本工資，現在討論的基本工資都是明年才開始適用，距離明年都還有一段時間，不急這時來做決議。許舒博也說，今年是特殊的一年，目前政府也正規劃紓困3.0，或許可以等紓困3.0之後再來討論基本工資是否要調整，屆時數據已較為明確、整年度狀況也比較明朗，那時來調整大家沒話說。資方委員鄭富雄則說，今年疫情影響產業，影響程度如何、影響到什麼產業導致下半年經濟是好是壞，各方都有不同說法跟想法，但目前看壞的人仍較多。
B,勞動部18日將召開基本工資審議會，討論明年基本工資是否要調漲，勞方委員已做出共識，認為基本工資曾凍漲10年，即便今年受疫情影響，但基本工資仍應上調。勞動部每年第三季會召開基本工資審議委員會，委員會由勞資政學四方委員組成，討論基本工資是否要調漲，勞動部日前已經發出開會通知，今年基本工資審議委員會將於18日召開會議。過往基本工資審議前，勞方委員都會開「會前會」討論共識，在會中提出希望的漲幅及數額，但由於今年審議委員會委員有部分是新委員，因此僅有訊息交流。不過，勞方委員、全國產業總工會代表莊爵安表示，勞方委員一致的共識就是基本工資應該往上調漲，至於調幅、數額多少則各有想法。莊爵安表示，目前基本工資還不符合台灣最低生活水平，因此有調漲的空間，且今年又是總統蔡英文連任第一年，難道連任第一年就不調漲基本工資了嗎。勞方委員、台灣總工會代表游宏生則說，勞工陣線一貫期待基本工資應該調漲，基本工資過去曾凍漲10年，薪資落後多年，即便調漲也只是把過去的薪資補回來。此外，游宏生也說，雖然今年國內經濟社會受疫情影響，但疫情不該是理由，「紓困是治標，基本工資則是治本」，基本工資是保護勞工的機制，政府單位仍應保護勞工、讓基本工資可以符合大家期待及支持基本生活條件。台灣勞工陣線秘書長孫友聯則認為基本工資有調漲的必要，孫友聯說，ILO認為，雖然各國遭受武漢肺炎疫情侵襲而導致經濟衰退，但最低工資可以保護處於脆弱境況的勞工減少工作貧困，同時增加消費需求、促進經濟穩定。全國產業總工會則認為，今年武漢肺炎疫情衝擊全球，台灣也無法倖免，但國際間包含韓國、澳洲、約旦等國家仍決定調漲基本工資，在政府已對受影響的相關產業提出特別的紓困和救濟方案後，雇主團體實在不應再以此作為「凍漲」基本工資的理由。全產總說，訂定基本工資的目的，在於照顧勞工及其家庭最低生活安全，唯有制度性推升基本工資，才足以保障弱勢勞工生活。
B,勞動部18日將召開基本工資審議委員會討論基本工資，學者認為，依據過去審議指標，過去一年數據幾乎都為正成長，若不調漲、勞工團體恐難接受，但要調也可能僅微幅調漲。基本工資審議委員會由勞資政學四方委員共同組成，依照基本工資審議辦法，於每年第3季時開會決定基本工資是否需要調整，勞動部日前已發出開會通知，將於18日召開會議。國內經濟社會今年受新冠肺炎疫情影響甚鉅，不少產業尤其住宿餐飲、製造業更是重災區，在基本工資工作小組會議時，已經有許多資方代表認為疫情對產業產生衝擊，這時不應該調漲基本工資；相較於資方，勞方代表則認為基本工資曾凍漲10年，仍應該調漲。基本工資調或不調在新冠肺炎疫情影響下更備受關注，台大國發所副教授辛炳隆認為，依照過去基本工資審議指標，包含經濟成長率、消費者物價指數、核心物價指數等，綜合去年下半年及今年上半年數據都是正值，「如果不調漲，勞工團體難接受」。不過，辛炳隆也認為，縱使調漲，調幅也不大，因為調幅若要大必須有合理論述，目前已經有許多勞工團體表態應該調，但能理解資方的難處，因此綜合這些情況，不調跟大幅調整的可能性都比較低。政大勞工研究所專任教授成之約則認為，基本工資應該會調，但考量對企業界的衝擊，調幅不高，且可能只調整時薪，除了要落實每年都要調漲基本工資的承諾外，由於時薪制勞工多分布在住宿餐飲業等服務業，現在服務業稍回溫，若調整時薪可讓勞工實質受惠。此外，基本工資調漲，學者也認為產業成本會增加，但辛炳隆認為，成本增加幅度不大，應該不會成為壓死駱駝的最後一根稻草，尤其為了疫情，政府其實也撒了很多錢投入紓困。辛炳隆說，現在實施減班休息的統計約2萬多人，但其實也有很多企業實施減班休息卻沒有遵守每個月還要給勞工基本工資的規定，因此實際減班休息的人數絕對比數據顯示來得多，但也因這些人本來就沒有遵守給基本工資的規定，所以不論基本工資調多少對他們影響應都不大。
B,中華民國三三企業交流會8月例會19日舉行，蔡總統將蒞會致詞。今年以來，隨著美中貿易戰火愈演愈烈，新冠肺炎疫情至今仍然造成全球經濟及社會重大衝擊，兩岸關係也面臨高度緊張情勢，預料蔡總統在致詞中，對我國政府施政帶來更清晰的說明。今年以來，三三會為了掌握國內最新政經情勢發展，每月例會都會邀請國內重量級財經首長及創新產業趨勢專家進行演講，包括1月的臺灣大學智慧機器人及自動化國際研究中心主任羅仁權、3月的日本台灣交流協會代表泉裕泰、5月的國家生技醫療產業策進會副會長楊泮池、6月國發會主委龔明鑫、與7月中華經濟研究院董事長曹添旺。蔡總統日前針對港版國安法實施後一連串反人權的動作時，曾公開演講指出，因為香港的遭遇，政府將以更謹慎的態度來處理兩岸政策，維繫台海和平以捍衛站在最前線的台灣的民主自由。她重申曾在連任後就職演說中提出的，與中國大陸將在和平、對等、民主、對話原則下互動，以避免兩岸關係惡化，不過她也強調，台灣必須有能力對抗脅迫，因此她致力於依據「整體防衛構想（Overall Defense Concept）」加速發展台灣的「不對稱戰力」，並且更有效地利用台灣的地理優勢。在提到美台關係時，蔡總統表示，她第二任內要推動的首要優先事項，就是在區域共同利益上與美國建立更具建設性的安全合作關係；其次是啟動美台自由貿易協定談判。再來是與美國合作強化與其他理念相近民主國家的連結。台灣看到美國敲響歐洲、亞洲、非洲等地對專制政權挑戰的警鐘」，她希望國際社會能協助台灣參與國際組織，為台灣提供更多制度面支持。
B,中華開發創新加速股份有限公司總經理郭大經分析，全景的應用在未來極具發展性，因為5G世代來臨，帶動AR╱VR應用愈來愈多，加上新冠肺炎疫情推升遠距教學、工作甚至遠距醫療和娛樂等，達標智源站在一個對的產業趨勢向上。在技術應用上，郭大經分析，達標智源做的產品，不管在機構設計或是晶片使用，都有其獨特競爭優勢。不過，他也點出，雖然遠距的需求強勁，達標智源不能只成為一個設備的提供商，而是要把上下游的服務串聯起來，以及建立收費模式。郭大經進一步建議，達標智源在商業模式中，可以建立運動的社群，例如國際知名運動攝影機GoPro的商用模式，就是用服務來驅動，或是Zoom本來就有進行遠端教學，但若擴大合作建立生態圈，就能將效益加乘，而不單只是提供一項產品。郭大經認為，全景的產品可以成為一個龐大資料庫，就像是YouTube不單只是一個平台，它串流起許多周邊的應用和服務，可以增加黏著度，因此，全景可以擴大異業結盟，串連工廠、零售或服裝店等。另外，由於信驊是達標智源的晶片提供廠商，其拼接效能成為該產品一大特色，換言之，信驊也可以和其他人合作，所以達標智源要從應用面著手，發揮自己的獨特性，建立讓其他競爭對手不易踏進來的門檻。
B,"新冠肺炎疫情蔓延全球，世界掀起一場「防疫大戰」，進而帶動居家上班、遠距教學等生活型態，這兩種模式要運作的順利，關鍵之一就是視訊品質，也讓視訊軟體Zoom、Webex等用戶數創新高，由於全景視訊受到市場關注，今年以來，專注研發360度全景產品的新創公司-達標智源科技新洽談跨領域的商務合作增加十多家。「錄影就是全景，還可以直接在臉書、YouTube等平台進行全景直播。」達標智源執行長江文杰論及自家產品Rogy 360，用最直接操作方式，展現其優勢；達標智源雖然是成立近兩年的新創公司，不過，江文杰在影像相關產業擁有逾20年的豐富經驗。達標智源專注於研發360度全景產品，江文杰因過去在相機產業設計貼牌代工經驗，認識台灣不少晶片廠、感應器、鏡頭廠等供應鏈，經手做過超過一百多個品牌，挾豐沛的產業及人脈背景，江文杰開始在思考，「迎接5G世代，我能提供什麼樣的服務內容？」江文杰直言，直播是很棒市場， 因此當他再度創業，仍然選擇影像相關的產品，這樣能讓團隊的經驗很快可以落實；在人手一機的年代，已經不單是靠拍照記錄起居生活，更多的是運用社群平台「直播」、「發限時動態」，隨著直播平台興起，帶動龐大的「網紅商機」，讓江文杰找到新利基市場。達標智源團隊。達標智源／提供網紅商機爆發 找到利基市場江文杰打造的全景世界是透過相機直播，不必擔心電話打進來切斷畫面，透過載具，包括運動賽事、影音娛樂、企業產品發表、房仲業務的線上帶看等，都會是全景的模式，此外，也可以透過全景進行辨識、分析，例如百貨公司的人流、智慧交通、智慧城市以及空拍機等，多視角的360度，單鍵就能直播還可以多機且在一個帳號直播，江文杰希望透過一個全景產品，讓直播變得很簡單。以觀眾的視角來看，可以選擇要看的畫面，還可以切換成虛擬實境（VR）模式，讓欣賞演唱會、運動賽事更有身歷其境的感受，隨著5G商轉後，江文杰強調，在影像串流方面會產生很大的變化，因為頻寬大、加上高速和低延遲等特色，可以串聯很多手機。5G時代來臨，為他再度創業注入新動能。去年5月中，江文杰在募資平台Kickstarter推出Rogy 360度全景影像8K攝影機，該款產品規格配備六顆廣角玻璃鏡頭與500萬畫素大像素CMOS感測器，並內建四個麥克風進行全景收音，此外，Rogy採用P2P雲端影音串流技術，搭配信驊科技Cupola360影像晶片，加上3D防手震功能，訴求即使不是專業攝影背景的使用者，也可以輕鬆拍出3,000萬畫素的（8K）360度全景照片和5.7K的360度全景影片。江文杰分析，Rogy具競爭力的優勢在於除了照相和錄製影片，還支援360度全景直播功能，使用者完成前置設定後，只需按一鍵即可在臉書／Youtube平台進行全景直播，延遲時間大約6∼8秒，無須再靠手機或電腦軟體後製，相機內建自動縫合技術，能在拍攝後即時拼接，在晶片端就將影像處理完畢。Rogy 360度全景影像8K攝影機。達標智源／提供自動縫合技術 影像即時拼接江文杰強調，Rogy主要依賴WiFi進行連網傳輸，由於搭載AC雙模無線模組，能同時支援2.4GHz和5GHz兩種頻率，相對其他產品而言，連網能力較強，直播效果當然也更好。談到自家產品的新應用，江文杰看好，包括房仲、零售、監控到AR／VR的內容，以及醫療和AI的結合，甚至擴及智慧工廠、智慧城市；他認為，「全景」產品會產生很多附加的場域價值，達標智源開始串連供應鏈合作組全景國家隊，希望把台灣軟硬周邊、電子產業供應鏈、模具產業到組裝，以一條龍方式將台灣的價值，行銷全世界。去年第4季起，江文杰尋求異業合作模式，目前已和四至五個品牌成為策略夥伴，他預期，房仲領域的效益發最快發酵，此外還有教育市場，因為在最新的課綱中，國中小學將虛擬實境內容納為教學的一環，達標智源也和四家夥伴研發相關軟體和產品，嘗試進行標案。達標智源團隊。達標智源／提供延伸周邊應用 建完整生態系有了Rogy第一款產品，江文杰和團隊下一步專注於新產品開發；首先是用於Skype視訊會議及車用影像的四鏡頭360度全景攝像機Rita；以及支援180度和360度雙視角、結合AI技術提供雲端監控、智慧照護等服務的雙鏡頭相機Tiya。目前規劃Rita將於今年12月在Kickstarter上線，Tiya則在明年2月；江文杰選擇在Kickstarter集資，除了預算考量外，也希望靠群眾募資增加產品曝光度，引起市場討論。江文杰同時也為產品建立門檻，最重要的是將生態系建立起來，再延伸很多周邊應用及合作夥伴，「只要領先別人一年，競爭者便處於落後位置」，他分析，因為達標智源從設計到製造、品牌管理一手包辦，若合作夥伴將產品賣給其他OEM工廠，還要貼牌到品牌廠，等於繞了好幾層，這也是達標的競爭優勢。江文杰期盼，Rogy 360不只局限產品銷售的戰場，而是要成為世界盃發動者；他希望可以結合MIT深厚的研發能力，在台灣啟動全新聯盟，這個聯盟涵蓋影像處理晶片、CMOS感測器大廠、模具供應鏈及AI、AR／VR、實境導覽、視訊軟體開發商等，盼能在5G、AI時代，發展新產業利基。達標智源小檔案成立時間：2019年1月主要產品：360度全景攝錄影機/ Rogy營運概況：Rogy 360°全景影像8K攝影機已和品牌廠、房仲業者合作未來計畫：1.開發用於Skype視訊會議及車用影像的四鏡頭360°全景攝像機Rita2.開發支援180°和360°雙視角、結合AI的雙鏡頭相機Tiya創業心法創業座右銘：1.毅力、堅持、專業、熱情是創業的4P2.成功是大家渴望的，但失敗的經驗才是更刻骨銘心營運心法：1.把員工當創業夥伴，讓員工是股東2.一支筷子很弱，但一把筷子就很有力量"
B,傳統行銷4P，指的是Product （產品）、Price （價格）、Place （地點）、Promotion （促銷），不過，對達標智源執行長江文杰而言，4P指的是毅力、堅持、專業和熱情，他直言，成功是大家渴望的，但失敗的經驗更刻骨銘心，儘管跌到谷底，就再爬起來就好，因為正面的態度，才可以看到明天的太陽。因為過去20多年多次創業的經驗，訪談間可以感受到江文杰對於創業的「愛」、「執著」以及「熱情」；走進達標智源的辦公室裡，櫥櫃中琳瑯滿目的3C產品，都是他創業以來服務的品牌。江文杰前一個創業公司專注相機的貼牌代工，生產過數位相機、監控相機到行車記錄器，服務過上百個品牌客戶，高峰時期營收高達數億元，甚至在內湖買下500坪辦公室，不過，2012年意外被大客戶倒帳，讓江文杰背上1.5億元的高額負債。2012年到2017年這五年期間，江文杰努力讓公司延續下去，每天忙著跑三點半調度資金，為了省錢，有一段時間都是騎腳踏車和搭捷運上班，經過多年的掙扎，仍不敵龐大的財務缺口，但他認為，做事情要有交代，江文找來廠商、供應商和銀行一起商量後續處理事宜。結束一手創業的公司，江文杰進入一家光學廠工作，但他心中對「創業」熱情未減，他仍持續尋找下一個切入的利基，正好碰上過去認識的信驊科技，其新推出可以自動拼接、縫合影像的晶片處理器，再度燃起他創業魂，2019年他再次「創業」，成立達標智源，切入全景相機市場，推出首款產品Rogy 360全景攝影機。江文杰分析，不同時代有不同的產品，部分被手機取代，也有一些與時俱進，因此一家公司的發展要看研發出的新產品能應用到何處，這也是他選擇全景影像作為再次創業的利基，因為影像產業的未來應用無遠弗屆。上一次創業，江文杰當時做貼牌代工，協助很多品牌成功，堪稱是品牌幕後推手，這次創業決定自創品牌，江文杰卻成了「最老的小編」。他不諱言，品牌成立後開始經營社群，由於過去不擅長經營粉絲，還得向小朋友請教加入社團，思考如何增加曝光度，他坦言，推廣品牌挑戰很大，但也很好玩。江文杰直言，行銷固然重要，但產品核心優勢才是逆勢突圍的利器；由於過去的經驗，達標智源團隊系統整合很快，同時兼顧質感，從工業設計、機構設計、硬體的板子到韌體，以及全方位解決方案進而變成產品，成為達標智源最大競爭力。
B,"蘋果證實新一代iPhone將會遲到數周，意味往年非蘋大多避開的9月，將出現市場新機供貨缺口，值此良機，包括三星、華為、小米、vivo，甚至聯想等非蘋陣營，卯勁發新機，預料手機供應鏈包括大立光（3008）、晶技、臻鼎-KY等仍可維持旺季水平。由於蘋果已維持多年在9月發表新機，除三星依舊發表具有S Pen的Note系列，近年有華為9月發表Mate系列正面迎擊，其他非蘋陣營大多避免與蘋果正面衝突。今年因iPhone將遲到，包括小米、vivo、聯想等都加入搶攻9月市占行列。上述品牌在台供應鏈包括大立光、GIS-KY、神盾、聯發科、晶技、雙鴻、超眾、聯詠、大毅、富智康、英業達、友達、新鉅科、敦泰、臻鼎-KY等。市場原預測新iPhone遲到，對供應鏈拉貨高峰也將延後，不過在非蘋新機助陣，橫跨蘋果與非蘋陣營的股王大立光日前公布7月合併營收46.12億元，攀上近三個月來高點，月增12%，增幅優於預期。大立光並上調營運展望，預測8月拉貨動能有望優於7月；晶技7月營收9.57億元，也創下歷史新高。在眾多非蘋新機中，最受矚目的莫過於華為下半年旗艦機種Mate 40系列，受美中貿易衝突影響，台積電9月中以後將無法供貨給華為，使得Mate 40系列可能會是最後一款採用華為自家海思麒麟處理器的旗艦機種。根據科技網站報導，Mate 40將採用Kirin 9000系列處理器、支援螢幕指紋辨識、搭載6.4吋Super AMOLED曲面螢幕， Mate 40系列預料將如期在9月發表。小米在日前慶祝十周年慶時，同時發表十周年旗艦小米10至尊紀念版及Redmi K30至尊紀念版。小米10至尊紀念版最高容量售價人民幣6,999元（約新台幣2.96萬元），今（16）日起在大陸首賣。vivo旗下子品牌iQOO則預計明日發表全新iQOO 5系列手機。"
B,輝達（NVIDIA） 下世代顯卡即將登場，輝達宣布，將於9月2日舉行GeForce特別活動，市場看好，執行長黃仁勳將發表代號安培（Ampere）的RTX 30系列，隨新顯卡面世，有望為板卡廠微星（2377）、技嘉、華碩等下半年營運增添柴火，掀起新一波電競換機潮。輝達宣布將於台灣時間9月2日凌晨12時舉行GeForce特別活動，由黃仁勳主持，他將介紹NVIDIA在遊戲與繪圖領域的最新創新與進展。儘管輝達並未公布新品細節，但市場普遍認為，輝達本次重點就是要揭曉新世代顯卡，代號安培的RTX 3000系列，首波新品將以旗艦系列為主，包含RTX 3080、RTX 3080 Ti系列。據了解，採用台積電7奈米製程打造的RTX 30系列，相比現有的圖靈（Turing）系列在功耗發熱上有所提升，因此必須採用新散熱方案，但效能也因此大幅提高，預計將比圖靈提升四至五成。法人預估，隨輝達首波推出RTX 3080、RTX 3080 Ti系列公版，華碩、微星、技嘉等一線板卡大廠也將跟進推出自家設計版本，並於第3季底、第4季初上市，為下半年營運增添柴火。不過，以輝達歷來推出新世代顯卡產品節奏，第一波將以最頂級的旗艦產品為主，隨後再陸續推出中高階款式，目前市場流出中高階產品線消息，包含GeForce RTX 3070、RTX 3070 Ti、RTX 3060及RTX 3050等，最後才推出入門級市場產品。以此推算，初期新款顯卡由於價格高，通常出貨量不大，但隨著陸續推出中階、入門級款式，新顯卡系列才能真正吸引大部分消費者購買，掀起電競換機潮，業界預估，明年第1季開始安培系列才會真正放量。
B,無懼新冠肺炎疫情，中信金控（2891）核心子公司中國信託銀行在大陸的四家分行，今年上半年稅前盈餘合約新台幣10億元，已賺平去年全年；以金融業最重視的獲利指標ROE（股東權益報酬率）來看，年化數值逾10%，首次超越香港分行（含九龍）。中信金控昨（12）日舉行第2季法說會，由中信金總經理吳一揆及發言人暨資深副總邱雅玲共同主持。邱雅玲一開始就談到，中信銀行海外分支較多，新冠疫情持續，嚴峻情勢下，中信銀海外營運動能難免受到關注。中信銀目前含分行、子行底下的分行、代表人辦事處等，共有115處海外分支，數量高居本國銀行第一名。分行為母行的延伸，本身並無資產負債表，銀行業習慣還是自己會試算一個擬制性的ROE，來比較海外各地的獲利能力。以香港地區為例，中信有香港、九龍兩個分行，卻是「兩個分行一本帳」，九龍分行被當成香港分行的延伸。含九龍分行業務在內的香港分行，無論稅前盈餘或ROE，長年穩居中信海外分支獲利第一，比美國子行、日本東京之星子行、印尼子行等的表現都好。以去年為例，中信香港分行含九龍，全年稅前盈餘約新台幣40億元，ROE也超過10%；不過，今年受到主要國家持續降息、利差縮小影響，香港分行上半年稅前盈餘雖逾15億元，比中信銀大陸四家分行合計約10億元要多，但ROE已被中信大陸四家分行超越。邱雅玲表示，ROE高代表含金量高，股東給的每一塊錢可賺到較多回報，資本運用效率較好。中信在大陸的上海、廣州、廈門、深圳四家分行，上半年的年化ROE介於10%到11%，首次超越香港分行（含九龍分行）。邱雅玲說，中信在大陸的銀行業務表現佳，主因人民幣利差較高，且貿易融資會帶進手續費收入，手收不必耗用資本，屬於無風險收入。除了大陸的銀行與租賃業務獲利成長，越南與印度分行的放款與獲利也都比去年同期成長。 圖／經濟日報提供
B,國際美元偏強，加上中國解放軍軍演消息令兩岸關係陷入緊張，新台幣匯率上周五（14日）盤中匯價逆勢升至29.38元，最多升值1.56角，終場在中央銀行調節下翻貶0.6分，收29.542元。過去一周，新台幣匯率在央行鎮守下，微幅貶值2.8分，貶幅0.09%。展望後市，匯銀主管說，本周將密切觀察解放軍軍演對股匯市影響的後續發展，估計短期新台幣匯率實質交易區間約在29.35~29.45元間，力守29.5元關卡。
B,金管會主委黃天牧昨（14）日上午接受廣播節目專訪，提及台新金併購保德信人壽，他說台新金子公司沒有保險，應該是考量有一家保險公司對未來發展是好的，這一次標售得標對它未來競爭力是有幫助。該節目問到，外界相當關心，台新金當年買紐約人壽時因為資本適足率不夠，現在董事會通過併購保德信人壽，並且打算要賣彰銀持股，對此詢問黃天牧的看法。黃天牧說，台新金子公司沒有保險，應該是考量有一家保險公司對未來發展是好的，這一次標售得標對它未來競爭力是有幫助。他說，就金管會角度，審查牽涉到銀行局與保險局，保險局要審核新股東，依照當年南山人壽標售時立下五個原則，包括員工保戶權益、資金來源且財務健全與專業經營團隊、長期承諾、穩健增資能力等原則，至於銀行局審財務能力要看資本適足率與長期投資占淨值的雙重槓桿比率等，由二局共同審查。台新金會不會因此被迫出售彰銀？黃天牧說，他也是從報紙上看到台新高層說會針對55億元聘金有釋出彰銀打算，「台新說的是如此，但我們還沒看到相關的財務規劃」。該節目追問，「意思是台新金出售彰銀持股，與政府保衛彰銀股權，不應聯想在一起嗎？」黃天牧回答，「問這個問題就是想朝這方面去聯想」，強調要看台新金提的財務規劃。至於林全當初對台新金的承諾，會覺得政府沒信用嗎？黃天牧說以他的職位不適合論述當年的決策，但他認為財政部做任何事都會有所本。
B,"南山人壽積極推動微型保險，推廣普惠金融，以行動響應政府照顧弱勢民眾政策美意。此次攜手屏東縣政府，結合南山人壽慈善基金會捐贈保費，擴大縣內微型保險保障對象，共新增逾1.6萬名符合條件之低收入戶及身心障礙民眾納入團體微型保險保障範圍，預計今年將捐款約新台幣400萬元，協助約1.9萬名弱勢屏東鄉親建構意外保障的防護網。南山人壽代理總經理范文偉表示，南山人壽長期關懷弱勢，從公益關懷的企業精神出發，推動微型保險，協助弱勢度急難。今年繼與基隆市政府合作後，此次再與屏東縣政府合作，擴大及新增兩類弱勢族群於團體微型保險的捐助範圍內，在面對意外風險時，也能擁有保障與依靠，「我們希望，雖然疫情拉遠了人與人的距離，但民眾仍能感受到台灣處處有溫情」。南山人壽長期與屏東縣政府合作，透過微型保險提供民眾意外身故及意外失能保障，從2016年起累計有3,388名屏東縣經濟弱勢民眾受益，在社會扶助網之外再多架設一層保險保障；今年並擴大對屏東縣內逾9,000人的低收入戶提供保障，並新增身心障礙者逾7,000人，一同加入微型保險的行列，總計有1.9萬名屏東縣民眾獲得相關保險保障。以投保南山人壽團體微型保險為例，倘若在保險期間內不幸發生意外，而導致失能或身故時，被保險人或受益人便可依保單條款約定獲得最高新台幣30萬元的保險金，以因應急難事故。南山人壽長期以來，致力關懷社會，透過支持微型保險傳遞保險保障的觀念，並結合南山人壽慈善基金會，幫助經濟弱勢族群擁有意外保障，建構堅實的社會安全網。此次也感謝屏東縣政府的支持與協助，讓縣內經濟弱勢的民眾在面對意外風險時更有保障與依靠，未來將持續積極推廣微型保險，為弱勢家庭撐起風險防護網、為社會帶來穩定的力量。"
B,"有一位民眾在2013年至2014年間跨國經營代購LINE貼圖服務，年營業收入高達3,500萬以上，卻未辦稅籍登記，被國稅局視為逃漏稅，核定補稅加罰近360萬元。這位民眾不服處分，提起訴願、行政訴訟，一路都被駁回，直到最高行政法院才上演大逆轉。要讀懂最高行政法院的這項判決，關鍵爭點有二。第一，台籍民眾在日本跨境代購貼圖，是屬於境內營業人還是境外電商？第二，若屬於境外電商，2017年才上路的境外電商B2C課稅規定，可以回溯套用在2013年的案件嗎？一位常居日本的台籍陳姓民眾經營跨境貼圖代購，在2013年至2014年間短短不到一年內，營業收入飆破3,500萬元，卻也因此被國稅局盯上，認定他未辦理營業稅稅籍登記，隨後補稅加罰合計近360萬元。國稅局指出，陳君透過台灣的露天拍賣網經營代購業務，由於露天拍賣網只提供我國國民註冊為會員，且代購貼圖是供境內買受人使用，認為陳君應該屬於「境內銷售勞務」，本就應該補稅處罰，國稅局也曾以此案為例發布新聞稿進行宣導。不過陳君主張，他常年居住在日本，並在境外從事代購服務，銷售勞務給我國買受人，照理講應該屬於「境外電商」，而境外電商B2C營業稅課稅相關規範，是直到2017年5月才正式上路，當年銷售LINE貼圖是發生在2013、2014年間，國稅局不能以新法來規範舊行為。上訴到了最高行政法院後，法官認為陳君有理，其在台灣並未設置固定營業場所，且陳君在2013年及2014年間在台居留天數，分別只有40日及34日，應視為境外電商，而當時境外電商銷售勞務給我國自然人的課稅制度尚未建立，國稅局課稅無理、民眾上訴有理，因此發回原審法院重審。最高行政法院這則判決，也被資誠聯合會計師事務所選為2020年最佳稅法判決之一。普華商務法律事務所主持律師蔡朝安表示，這則判決之所以值得肯定，是因為體現了「租稅法定主義」，也就是有關納稅相關的義務，必須以法律定之，不能以新法回溯舊案。不過蔡朝安也提到，此一時彼一時，此案例發生時制度尚未建立，但如今我國境外電商B2C的營業稅課稅規定，已經相當明確。換句話說，陳君的案例若是發生在此時，國稅局的課稅權可是無庸置疑的。"
B,"減稅利多來了！主計總處昨（14）日公布最近一年（2019年）每人可支配所得中位數為30.3萬元，財政部表示，將參考中位數60%訂定2020年每人每年基本生活費。若初步估算，今年每人基本生活費可望調高至18.2萬元，明年報稅適用，較去年17.5萬元大增7,000元，多口之家可望受惠。若以四口之家試算，其餘條件不變下，明年報稅可多扣2.8萬元，以稅率5%計算，可望省稅1,400元；若以12%稅率計算，則四口之家可省稅3,360元。由於基本生活費是算「人頭」，扶養親屬愈多的多口之家，可多減的基本生活費就愈多，原則上明年報稅時可望享受到的減稅利益就愈多。但如果是單身小資族且無扶養親屬的話，原本可享有的免稅額8.8萬、標準扣除額12萬元合計，就已超過基本生活費，因此無法再從綜合所得額中多扣，較不是調高基本生活費的主要受惠族群。財政部長蘇建榮昨日帶隊前往花蓮參訪，媒體問及今年基本生活費調整狀況時，賦稅署署長許慈美表示，財政部將參考主計總處數據來計算基本生活費，預計今年底才會正式公告，屆時受惠戶數及減稅利益才會出爐。去年基本生活費為每人17.5萬元，當時財政部預估受惠人數約184萬人，減稅利益約73億元，今年調高基本生活費至18.2萬元後，受惠人數、減稅利益可望再提高。"
B,減稅利多來了！納稅者權利保護法規定，基本生活所需費用不課稅，主計總處昨公布去年每人可支配所得中位數，財政部也將因應調整今年每人基本生活所需費用，估算將從十七點五萬元，調高為十八點二萬元，比去年增加七千元，調幅為納保法上路以來最大，明年報稅適用，四口之家「基本生活費差額」有機會多出二點八萬元，多口之家受惠最大。若以稅率百分之五來計算，符合條件的四口之家，明年五月報稅時可省稅一千四百元；假設適用稅率為百分之十二，則可省稅三三六○元。財政部賦稅署長許慈美表示，主計總處才剛公布最新數字，財政部預計在十月做完整估算，並於十二月正式公告，屆時才能估算減稅金額與適用戶數。主計總處昨公布去年家庭收支調查結果，每人可支配所得中位數為卅點三萬元。依納保法規定，納稅者為維持自己及受扶養親屬享有符合人性尊嚴的基本生活所需費用，保障不得課稅。所謂基本生活所需費用，是依主計總處最近一年每人可支配所得中位數的六成計算。財政部每年公告當年度每人基本生活所需費用金額，乘以納稅者本人、配偶及受扶養親屬人數計算的基本生活所需費用總額，若超過依所得稅法可減除的免稅額及扣除額，差額可自申報戶當年度綜合所得總額中減除。目前做為基本生活所需費用比較基礎的扣免額，包括免稅額、標準或列舉扣除、身心障礙、教育學費、幼兒學前、儲蓄投資及長期照顧特別扣除額。納保法自二○一七年上路以來，基本生活費連年調升，首年為十六點六萬元，前年為十七點一萬元，去年為十七點五萬元，今年則預計為十八點二萬元，反映我國近三年來每人可支配所得持續成長。去年基本生活費為每人調高四千元，當時財政部預估約一百八十四萬戶受惠，減稅利益約七十三億元，今年估調高基本生活費至十八點二萬元後，調增金額為歷年最高，受惠戶數、減稅利益可望再提高。基本生活費採「人頭」計算，扶養親屬愈多的家庭，可多減的基本生活費就愈多。原則上扶養親屬人數愈多、採標準扣除額者，較有機會適用扣除基本生活費。如果是單身小資族且無扶養親屬的話，原本可享有的免稅額、扣除額合計，就已超過基本生活費，因此無法再從綜合所得額中多扣，較不是調高基本生活費的主要受惠族群。
B,109年初嚴重特殊傳染性肺炎疫情爆發以來，全球經濟、國際運輸、金融貿易及民生物資等都受到嚴重影響，但私梟仍蠢蠢欲動，不受疫情影響，企圖走私菸品，牟取不法利益，海關今年上半年共緝獲私菸300萬5748包，較去年同期成長128.7%，創紀錄。財政部關務署表示，海關職司邊境管制與走私查緝，私菸向來是邊境查緝重點，為有效杜絕私菸，海關依據「財政部109年度加強查緝私劣菸酒策進計畫」及「查緝走私菸品精進執行方案」積極執行私菸查緝。關務署副署長陳依財表示，不知道是不是因為大家受困疫情，心情特別鬱卒，所以需求量提高，今年上半年私菸查獲量大增，上半年緝獲私菸131萬3877包，比去年同期緝獲數量大幅增加約169萬包，成長幅度高達128.7%，並查獲重大走私菸品案共5件，合計市價超過新台幣1億9500萬元。其中，4件重大走私菸品案自東南亞以海運轉口貨櫃方式走私，顯示東南亞地區仍為我國進口私菸主要來源；另有1件為國內雜貨輪於所載瀝青櫃藏匿走私，可見走私手法不斷變化，查緝人員須仔細觀察，持續提升查緝技巧，才能掌握稽查契機，有效阻截私菸於邊境。財政部關務署強調，查緝走私不因疫情而暫停，為遏止私梟利用各種管道走私，海關將持續強化各項查緝措施，以杜不法。同時呼籲國人切勿貪圖便宜而購買來路不明菸品，並請民眾加入打擊走私的行列，勇於檢舉不法走私，一同維護國家財政稅收，守護國人身心健康。※ 提醒您：抽菸，有礙健康海關今年上半年查緝香菸績效。圖／關務署提供
B,搶占高雄都會公園第一排的大樓建案「鼎宇森風景」今天慶祝完工，邀請承購戶親友團歡聚一堂，進行一場建築美學的體驗之旅，鼎宇董事長張調也捐出100萬給高雄市百善社會福利慈善基金會，以行動善盡建築人對社會弱勢的關懷。樓高24層的鼎宇「森風景」，基地正對100公頃的高雄都會公園，「品」字形的雙塔設計，戶戶三面採光，高樓層可天天欣賞無敵森林綠意，公開才3個月就銷售達8成，目前僅剩30多戶，吸引不少醫生、教授及自營商成為鄰居，左營、鼓山甚至台北也有人跨區購買。鼎宇建設董事長張調畢業自成大建研所，投入創業以來，因成功打造高雄河堤社區，奠立品牌形象，之後再戰美術館區，也因對建築品質近乎苛求，贏得口碑。如今他陸續在橋頭新市鎮買下高雄都會公園第一排進行「造鎮」，可望讓橋頭新市鎮也出現與美術館建案等量齊觀的「好」宅。採先建後售的「鼎宇森風景」，比照美術館園區的豪宅標準打造，3個月前公開後，銷售率衝高，200多戶現剩2、30戶。鼎宇今天舉辦完工酒會，承購戶均帶親友團前來鑑賞，十分熱鬧。這批建案，包括大廳等樓層公共空間均使用前台銀退休經理鄭恩賜的畫作妝點，增添幾許文藝味。董事長張調並捐出100萬給高雄市百善社會福利慈善基金會讓愛流轉，與「鼎風景」建築之美相得益彰。「鼎風景」每坪成交價依樓層的不同落在20至23萬，不過張調透露，目前營造及土地成本高漲，幾乎只能打平，但在所不惜，他只想塑造另一個「美術館區」，拉平城鄉差距，讓更多人也能享受像美術館區的優質生活，否則這麼大的都會公園不好好利用，是暴殄天物。鼎宇建設在橋頭新市鎮推出的「森風景」今舉辦完工酒會。記者王昭月／攝影鼎宇建設董事長張調希望在橋頭新市鎮，打造成另一個高雄美術館優質住宅區。記者王昭月／攝影鼎宇森風景正對百公頃的高雄都會公園，可享無敵綠意。記者王昭月／攝影
B,"台中市大墩國際青年商會今（16）日假台中后里水映親子露營區，舉辦「唐寶寶夏日童樂會」，大墩青商當場將此次的活動經費，全數捐贈給唐氏症基金會。今天活動非常豐富，除了豆志服務社鼓陣表演、認識昆蟲、點心大會師、小朋友闖關活動之外，sNug健康科技襪也贊助200雙襪子。現場也開放民眾樂捐，不限金額就可以自己選一樣唐寶寶準備的伴手禮。大墩青商會長林育生表示，青年商會本著服務人群的目的，每年都會舉辦愛心公益活動，看著唐寶寶闖關遊戲中天真無邪的笑容，還有見到他們與家長一起玩水、在沙灘玩遊戲，以及在草地上奔跑，一切的辛苦都值得了。社團法人中華民國優質家庭教育發展促進會，多年來深根於輔導青少年圓夢，與生態保育觀念的推廣。這次與大墩青年商會及水映露營區合作舉辦活動，現場搭設七個體驗區，分別為3D列印達人、小小科丁工程師、氣球小頑童、甲蟲王者、考古DIY大考驗、烘焙大師、魔術玩創意。並由協會志工與教育部青年發展署109年青年暑期社區職場體驗計畫的青少年工讀生帶動下，讓唐氏症與肯納症的孩子們，體驗與操作平常學不到的知識與技能，並延伸教育部推動科丁教學的核心，使孩子感受科技帶來的便利與未來性。而現場也會有豆志服務社所領軍的生態小尖兵講師群，為孩子們介紹各種生態動物，與讓他們了解目前地球遇到哪些問題及因應之道。生態小尖兵培訓計畫為豆志服務社自發性的長期專案，目前已於全台超過百所中小學進行教學，並培訓了約5,000名生態小尖兵。林育生強調，要改變台灣與地球，必須從教育著根，當我們害怕於手機網路對青少年危害的同時，是否想過如果將科技的力量導向生態保育，愛地球，救環保，並且讓青少年置於這場環境革命的前端，如此一來，他們將擁有目標與使命，科技對他們而言，也會從沉迷轉變為正向力量。此次活動的協辦單位水映親子露營區表示，水映是讓家庭享受歡樂時光的休閒空間，團隊相信透過戶外體驗，可以讓小孩更自主、正向增進家庭間的情誼。林育生說，這次邀請弱勢協會的寶寶家庭，共同參與露營體驗活動，提供正面陽光的鼓勵，更希望各界夥伴一同來參與；未來青年商會還是會繼續本著服務的熱誠，愛心不落人後，繼續付出熱血，這就是社團的使命。天真無邪的小朋友們一起玩水。記者宋健生/攝影台中市大墩國際青年商會今日假台中后里水映親子露營區，舉辦「唐寶寶夏日童樂會」。記者宋健生/攝影大墩青商當場將此次的活動經費，全數捐贈給唐氏症基金會。記者宋健生/攝影"
B,桃園國際機場第三航廈主體工程今年5月第4度招標，8月21日將開資格標。交通部長林佳龍一直希望能由國內廠商籌組國家隊興建；但桃機公司目前掌握的狀況，外商主導的機會較大。桃機第三航廈2017年5月開工，機坪、滑行道等工程都已施工，最重要的主體工程卻流標3次，主要是難度高、經費低，讓廠商卻步，3次都無任何廠商投標。林佳龍上任後要求徹底檢討，桃機3月通過第三航廈修正計畫，將總經費從新台幣789億元提升至950億元，其中主體航廈工程費從445億元增加至537億元，同時取消原本繁複的天窗設計。桃機公司說，21日將先開資格標，年底前再開技術標，目前多家國內外廠商正洽談合作，究竟有多少團隊會參與競標，21日才會揭曉。第三航廈是台灣近幾年最大型的公共工程標案，雖然目前受到新冠肺炎疫情影響，航空業嚴重受創，但交通部認為正是投入興建新航廈的好時機，第三航廈完成後，桃園機場將更有競爭力迎接景氣復甦新挑戰。林佳龍希望能有國內廠商籌組興建第三航廈的國家隊，桃機公司也主動了解廠商意願。桃機公司坦言，國內廠商不排斥參與第三航廈主體工程建設，但現階段因政府推動前瞻計畫，加上台商回流在國內建廠，很多國內營造廠幾乎都有多項建案在推動，若要參與第三航廈主體工程，無力擔任主投標商。桃機說，包括日本、韓國及印尼等國外營造商對第三航廈主體工程招標案有高度興趣，都正分別接洽國內廠商談合作，第三航廈主體工程可能會由國內外廠商共同投標，但由外商主導機會較大。據了解，有興趣投入第三航廈主體工程的國外廠商，有日本大林組、日本大成建設、韓國三星集團、印尼國營營造商威佳雅卡雅WIKA；外商接洽的台灣廠商則有互助營造、大陸建設等多家。根據桃機公司新修正的第三航廈建設計畫，將採分階段完工，預計2024年北登機廊廳先啟用，主航廈2025年試營運，南登機廊廳2026年初完工。根據桃機公司規劃，第三航廈每年可服務2000萬人次旅客，後續開發的衛星廊廳啟用後，第三航廈每年服務的旅客量可再增加至4500萬人次。
B,餐飲股近年不少集團朝向多品牌發展，隨著這些子品牌壯大，店數增加，也都有走向資本市場的計畫。像是連鎖烘培品牌85度C的母公司「美食-ＫＹ」轉投資的「這一鍋餐飲」，去年合併營收已突破十億元，稅後淨利○點七一億元，目前正積極調整營運體質，以利登上興櫃。主力品牌為「日出茶太」的六角國際旗下子公司王座國際去年合併營收也有十點二億元，也表態持續朝ＩＰＯ目標前進。這一鍋餐飲旗下火鍋品牌包括「這一鍋皇室秘藏鍋物」、「這一小鍋」，以及燒肉品牌「燒肉同話」，三品牌在台灣合計共廿八家店，下半年將持續展店。其中，平價品牌這一小鍋預計再開五家，這一鍋和燒肉同話也將再各展一家店，今年營收目標較去年成長百分之十，上看十二億元。六角旗下的王座共有五個餐飲品牌，包括段純貞牛肉麵、京都勝牛、太陽蕃茄拉麵、大阪王將餃子、銀座杏子豬排，其中，杏子豬排家數最多，已來到廿一家，今年下半年預計再展兩家店，合計五品牌今年底餐飲家數將達六十家。不過，王座去年虧損，今年上半年財報則持續受到疫情影響。王座執行副總經理林子桓表示，下半年在振興券的帶動下，以營收較去年同期成長為目標；展店腳步也不會停止，待營運體質調整與規模建立後，將啟動掛牌計畫。
B,近年來全球科技趨勢目光聚集在AI、5G等關鍵技術，CES 2020主辦單位消費技術協會（CTA）指出，未來十年隨著AI應用、5G發展，將在消費者體驗、安全、醫療健康等領域發光發熱。儘管關鍵技術趨勢已成為商業競爭顯學，但如何實踐並從創新技術中創造經濟價值，仍為業界主要挑戰課題，「跨域合作創新」正是解決此課題的途徑之一。美國國家科學基金會（NSF）在2017年就將「跨域研究」列為投資未來十年大研究主題之一，主要關鍵在於當今人類面臨健康、食物、能源、水資源、宇宙探索等複雜且挑戰性高的議題，需要匯集整合來自各界領域的點子、方法及技術，進而刺激創新與發明。換言之，「跨域」是為解決聚焦於社會需求的複雜問題，包括不同領域的知識、方法、專業的整合，並形成一個能促進科學探索與創新的全新框架。「跨域研究」具備兩大特性：一為研究動機來自於特定且急迫的問題，如社會民生需求；另一為跨領域的深度整合，例如形成一個新的機制，能夠持續維持跨域交流與互動。跨域創新核心價值是由需求端思考問題的解決方案，並藉由跨域整合將科技應用綜效極大化，才能驅動產業轉型與服務創新。工研院產科國際所在2019年專刊《創生態科技加值服務匯流》曾指出，跨領域創新是下世代產業發展的新生態，從AI、5G、智聯網等技術驅動資源整合之趨勢下，「新科技服務業」將因應而生，並引領產業數位轉型。台灣服務業及中小型製造業長期面對創新動能不足，在數位科技浪潮變化下，應變能力不佳，工研院倡議藉由導入「新科技服務業」，為社會民生、環境永續、人口老化等重要議題提供跨域創新的解決方案。「新科技服務業」是跳脫於傳統資訊服務業的定位、重整產業格局，運用AI、智聯網等科技，強調使用者需求與經驗，進行跨域整合與價值共創。因此「新科技服務業」的服務型態可分為：軟體開發服務（如AI演算法客製化系統開發）、系統整合服務（如運用新興科技整合雲端技術資源）、科技平台服務（如透過網路平台衍生各種商業模式）、研發測試服務（如提供研發測試委外服務）與科技顧問服務（如提供科技應用專業佈局規劃之顧問服務）等五大類。目前已有些成功案例，如Uber、Airbnb等新創公司運用科技顛覆傳統運輸與旅遊業，發展初衷定位是以人本服務、解決消費者痛點為主要訴求。然而，傳統產業並非只能坐以待斃，只要順應人本服務的中心思想、運用新科技，也能翻轉產業瓶頸，再創成長契機。伴隨新興科技的開發與突破，提供新創公司及傳統產業切入新市場的利基，然而除不斷投入技術創新外，以需求為導向的跨域創新環境也是重要的基盤之一。科技部在「法人鏈結產學合作計畫」中，國立中山大學教授洪子聖的「自我注入鎖定式（Self-Injection Locked）雷達」技術，以及台大教授林啟萬的「相位空間亂度差異（CPSD）運算方式」等技術，透過學研合作、法人加值輔導，利用資通訊技術跨域應用於醫療產業，即為學研共創驅動跨域創新的成功案例。今年全球疫情嚴峻，醫療體系備受挑戰，政府可透過產學研合作平台等機制，促進跨域活動深度交流整合，導入現有技術跨域應用於防疫上，針對遠距、非接觸等醫療照護需求提出零距離的創新解決方案，或可滿足非接觸式生理監測及遠端照護的防疫需求，亦可帶動相關企業進行產品轉型或服務創新，創造另一波產業成長動能。（作者是工研院產業科技國際策略發展所計畫副組長、分析師）
C,有「台灣肝帝」之稱的中研院士、台大醫學院教授陳定信6月24日病逝，享壽77歲。陳定信的遺孀許須美表示，陳定信今年3月罹患有「癌王」之稱胰臟癌，然而他面對死亡仍有研究精神並積極治療，願意參與臨床試驗嘗試新藥，為胰臟癌的治療「留下一筆資料」，讓最後的生命更有意義。陳定信最早證實台灣肝炎、肝硬化、肝癌的主要元凶就是B型肝炎病毒，及B型肝炎透過母子垂直傳染，並促成台灣推動新生兒全面施打B肝疫苗，讓新生兒B肝感染率降到1%以下，對肝炎防治貢獻卓著。台大醫學院今為陳定信舉辦追思會，蔡英文總統、副總統賴清德等政要皆到場致意、獻花外，許多陳定信的親友以及學生也在追思會場分享與他的相處點滴。肝基會董事長許金川教授表示，陳定信的過世是「醫科巨星的殞落」。他分享自己和陳定信雖是「師兄」，實則陳是自己踏入肝癌早期發現研究的啟蒙老師，更以「一盞明燈」來形容陳定信。他也盛讚陳定信是台灣醫界難得奇才，只能用「天縱英明」來形容，並稱陳有如「漢武帝」般在肝病研究的領域上，雄才大略、開疆闢土，帶領台灣肝病研究進入世界舞台。陳定信一生致力於消除肝病，許金川說，若要說陳定信有什麼缺憾，「應該就是對自己太嚴苛」，一天只吃一餐飯，且忙到沒時間做健檢，才會這麼得到胰臟癌，這麼突然就病逝。台大教授、牙科醫師蕭裕源是陳定信建中同學。他說，曾問陳定信內科下面有「胃腸肝膽科」，為何沒有「胰臟科」？當時陳定信回答說，「胰臟太難治了，有也沒有用」。蕭裕源感嘆說，偏偏陳定信「栽在胰臟上」。當時蕭裕源也建議陳定信是否將自己「深受其害」的胰臟癌經驗，口述給後輩作為治療上的參考。但陳定信回答「症狀和教科書一樣」，可見胰臟癌的治療研究上仍有待努力。陳定信的女兒、中研院基因體中心副研究員陳韻如說回憶，姑姑探病信曾問父親：「你救這樣多人，怎麼還這樣？」面對難治的胰臟癌陳定信只淡淡回答：「這是命。」但她說，父親因為爺爺罹患肝病離世的關係而投入肝病研究，父親罹患更快更惡性的腫瘤，也許是要告訴大家醫學有其極限以及研究此疾病的重要性。然而陳定信對自己的病情卻很清楚，也會參考醫師團隊的建議後決定要不要用藥。陳韻如說，當時所有家人還在病房外為他要不要插鼻胃管討論許久，回到病房，他已經裝好。原來陳定信已經運用醫療專業和住院醫師討論完，決定裝了。陳定信的妻子、同樣投入公衛領域20年的許須美則深情表示，今年是與陳定信結婚50周年，雖然上天雖然陳「癌王」的試驗，但她將心態調整成是再次戀愛的機會，日夜照顧，並每晚向陳定信說「我愛你」。陳定信雖非浪漫之人，但回應的這三字的次數遠遠超過過去50年。許須美也透露，末期時陳定信雖被判定僅剩一周生命、已走到緩和醫療，但當時透過中研院院士陳培哲知道有新的標靶療法，陳定信也毅然參加臨床試驗。她說，儘管在三次治療後，陳定信仍不堪癌症肆虐離世，但他積極治療，並且秉持科研的精神，為胰臟癌的治療「留下一筆資料」，讓最後的生命更有意義。許須美也傳達陳定信對醫界的期待，一是培育醫學科學家、提攜後進；二是創新研究造福民眾，除了繼續根除B、C肝炎，並精進胰臟癌的診斷與治療。前副總統陳建仁則引用聖經講話語「這個美好的仗我已經打完」，表示陳定信並未離開，只是到了更美好的地方；盼未來與陳定信相聚時，能告訴他：「我們這些學生如何地努力走完你沒走完的道路。」癌症末期陳定信雖被判定僅剩一周生命、已走到緩和醫療，但仍毅然參加臨床試驗。 圖／聯合報系資料照片
C,"全球疫情嚴峻，我國境內雖許久未有本土確診病例，然而境外移入病例不斷，昨天才新增一例，今天又新增兩例。中央流行疫情指揮中心發言人莊人祥下午2時說明，新增兩名境外移入新冠肺炎確診個案，分別為30多歲女性(案483)及40多歲男性(案484)。莊人祥表示，案483今(2020)年2月至澳洲工作，8月6日起陸續出現流鼻水、鼻塞及咳嗽等症狀，8月14日自澳洲返台，入境時主動告知曾有疑似症狀，由機場檢疫人員安排採檢後送至集中檢疫所，於今日確診。衛生單位已掌握個案接觸者共55人，其中41人為同班機前後二排乘客，列為居家隔離對象，12人為同班機機組員，因全程有適當防護，列為自主健康管理對象，另同班機前後兩排旅客中有2人未入境台灣，均為澳洲籍，將透過IHR通知該國。案484今年2月至菲律賓工作，8月8日出現咳嗽，8月12日發燒、頭痛及咳嗽加劇並味覺喪失，曾自行服藥未就醫，8月13日出現腹瀉，8月14日自菲律賓返台，於入境時主動告知曾有疑似症狀，機場採檢後送至集中檢疫所隔離，當晚出現發燒、呼吸喘症狀，由衛生局協助安排送醫收治住院，於今日確診，目前住院隔離治療。衛生單位已掌握返台同班機前後二排乘客共15人，均列為居家隔離對象，其他同班機機組員，因全程有適當防護，列為自主健康管理對象。莊人祥表示，澳洲目前有2萬3000例確診，其中1萬6500例在維多利亞。澳洲案例已出現兩波高峰，3月底是第一個高峰，6月底又有一波疫情，目前看起來有趨緩，每天還是有300例左右。至於菲律賓目前15.8萬人確診，還在高峰期。指揮中心統計，國內截至目前累計84,579例新型冠狀病毒肺炎相關通報(含83,532例排除)，其中484例確診，分別為392例境外移入，55例本土病例及36例敦睦艦隊，另1例待釐清。莊人祥說，新增兩名境外移入新冠肺炎確診個案，分別為30多歲女性(案483)及40多歲男性(案484)。記者楊雅棠／攝影新增兩名境外移入新冠肺炎確診個案。圖／指揮中心提供"
C,放眼望去，「低頭」是人類的日常風景，原本應該往前凸出的頸椎，硬是被反向硬凹，經年累月造成椎間盤病變。衛福部健保署統計，近三年的頸椎椎間盤病變人數逐年上升，且有年輕化趨勢。本期聰明就醫╳健保大數據系列20，分析全台頸椎病變患者狀況，作為民眾就醫參考。108年頸椎椎間盤病變年齡層統計 製表/元氣周報患者逐年上升 中壯族群最多健保署統計，頸椎椎間盤病變患者逐年上升，106至108年就醫人數分別為19萬1965人、20萬1447人、20萬3512人，男女比率相當。就醫年齡以50到59歲的中壯年族群人數最多，連續三年超過五萬人，占所有就醫人數二成五，40到49歲、30到39歲族群緊追在後，分別占兩成及一成五，可見頸椎椎間盤病變有年輕化的趨勢。不過，60至69歲族群也值得關注，平均每年就診人數3萬7千多人。106-108年頸椎椎間盤病變使用物理治療狀況 製表/元氣周報物理治療、復健費用 年年增長健保署長李伯璋表示，滑手機、看平板電腦，現在的人長時間「低頭」，造成頸椎椎間盤壓力過大，頸椎椎間盤病變可說是現代社會的文明病，常見導致劇烈疼痛或影響活動，症狀輕微者需復健、避免椎間盤壓迫神經；嚴重者若壓迫到頸椎神經，造成麻木感或影響生活，甚至須經醫師評估後開刀治療。除了就醫人數增加，統計也發現，106至108年頸椎椎間盤病變患者使用物理治療的人數、件數及費用，年年都有增長。李伯璋表示，不只頸椎、椎間盤病變疾病患者接受物理治療的人數及件數增加 ，健保在整體復健費用上，近年都呈現成長。頸椎椎間盤病變男女比例 製表/元氣周報骨裂不自知 舊傷不能輕忽除了低頭族容易發生頸椎等病變，李伯璋也認為不能忽視「舊傷」，也就是過去外傷造成的影響。他舉例，他的兒子日前半夜起床上廁所，未留意階梯而滑倒，整個人倒在地上。第一時間想說是否會到導致腰椎受傷，但當下還好能起身，感覺沒什麼問題。但仍不放心，他兒子隔了幾天又去醫院照X光，竟發現腰椎有裂痕。但進一步了解，發現那是舊傷，原來是小學時受傷留下的傷口。舊傷已不再疼痛，但因滑倒照X光被發現。李伯璋說，兒子近期運動、跑步時格外小心，後來疼痛感漸漸緩解。人工椎間盤 年輕族群接受度高值得一提的是，若頸椎椎間盤病變嚴重，必須接受手術治療，傳統使用頸椎融合術，但術後頸部活動度受限，近年臨床上多採頸椎人工椎間盤置換術，雖為自費且金額較高，但可保有原本頸椎活動能力，也較能避免後續關節病變，較受年輕族群歡迎。李伯璋說，因脊椎手術跟神經有關係，民眾會比較慎重，透過多比較、打聽甚至口耳相傳，從中挑選出適合自己、可信任的醫師。但有些骨科名醫自行開業，專業度與知名度獲民眾信賴，當然也成為民眾選擇因素之一。醫材價差大，建議先上網比價。網路截圖醫材價差大 先上網比價由於健保並未給付頸椎人工椎間盤，有民眾反應，同樣是椎間盤置換，有些醫學中心和區域醫院的價格落差很大，甚至可差到十幾萬元之譜。健保署曾經統計，治療退化性椎間盤等疾病的人工頸椎椎間盤，目前多數院所收費約25.5萬元，最高可達30萬元。透過健保署「醫材比價網」查詢，各醫療院所頸椎人工椎間盤價格不同，同一品牌在A醫院為24萬元，B醫院卻要近30萬元，價差高達6萬元。李伯璋建議，民眾在手術治療前，可先至健保署「醫材比價網」，透過醫材類別、品項代碼、縣市等欄目，先查詢醫材價格。
C,圖片提供／媽媽經不只台灣小吃愛勾芡，日本和食也愛，特喜歡滑嫩口感料理的日本人，家庭料理也常使用太白粉。馬鈴薯澱粉作成的太白粉並不可怕，成份也是來自天然食材，只是因為加工後營養價值低了，熱量高了，攝取過多易胖，影響健康。日本人妻們也意識到「洋食文化的流行已經改變了日本人的飲食習慣」，所以生活中很積極實施減鹽、減糖、減油、減粉、不減荷包大作戰，要如何顧及健康又要美味，變成家庭主婦最大的挑戰。日本人妻們★★★★推薦需要勾芡的湯羹料理1.備好已削皮好的生馬鈴薯，將馬鈴薯磨成泥，去皮馬鈴薯蒸熟搗成泥也可以。2. 將泥漿狀的馬鈴薯泥加入還在火爐上的湯羹裡，之後均勻攪拌，稍微煮一下後關火，勾芡完成3.煮沸後轉弱火，加入馬鈴薯泥慢慢攪拌，粘稠感出來後關火，完成！蒸好的豆腐或肉丸、蒸蛋、芋頭等等，淋上幾匙日式勾芡高湯+細蔥，日式懷石料理的氣氛充滿你家∼吃不完的，可以先用保鮮袋，儲存好冰冷凍。蒸蛋時加點馬鈴薯泥口感更滑嫩喔！圖片提供／媽媽經 圖片提供／媽媽經同場加映簡易日式高湯作法→ 市販售的堅魚昆布高湯+醬油+味淋+水圖片提供／媽媽經【小百科】太白粉的日文寫作「片栗粉」，但跟栗子可是ㄧ點關係都沒有，片栗是百合科片栗屬的植物，從片栗根莖取得澱粉製成片栗粉。明治以後，由於野生片栗減少取得不易，漸漸被性質類似的馬鈴薯澱粉取而代之，片栗名稱一直沿用至今。
C,前總統李登輝辭世，今天上午舉行入殮火化禮拜。載著李登輝遺體的靈車車隊，上午6點半左右駛離北榮，三百名醫護穿白袍列隊送李登輝最後一程。李前總統告別全體國民，也走完波瀾壯闊的一生，對於照顧他十八年的台北榮總心臟內科醫療團隊來說，光榮任務結束，感傷又不捨。七月卅日晚間七點廿四分，李前總統告別人生，台北榮總醫療團隊所有成員在病房走廊排成二列，送老人家最後一程。大家都知道李前總統晚年健康由台北榮總照顧，但可能不知道，從台北榮總於2003年接下任務開始，李前總統出國時，由主治醫師陳雲亮親自陪同，至於國內的公開行程，一旦離開台北，便由北榮心臟內科團隊組成醫療小組，一定由一位北榮心臟內科專科醫師一同前往，整個團隊待命後援。李前總統享耆壽98歲，但他本身有多項慢性病史，包括腎臟炎、大腸癌、糖尿病、白內障、肺結核等，更何況心臟血管裝了12支血管支架，北榮照護團隊一直以心臟內科為主。台北榮總心臟內科團隊堅容堅強，共有40多位心臟內科專科醫師照顧民眾健康，一年發表國際論文逾120篇，除了副院長陳適安帶領的心率不整團隊， 其他在高血壓血行動力學、血管硬化病生理學、介入性血管及瓣膜治療、高階心血管影像學、心血管藥物試驗、心血管人工智慧輔助診斷、大數據流行病學及基因檢測等， 也都在全球及亞太區佔有一席之地。過去18年來，總計有54位北榮心臟專科醫師曾經擔任李前總統的隨行醫師，期間出勤不下百次，2015年開始由整個大內科部輪班隨行照顧。李前總統年過九十後，依然精神抖擻出訪各地，自2012年至2018年，北榮心臟內科出勤了至少53次，足跡遍部全台各地及外島。只要曾在北榮心臟內科受過訓練的醫師，大概都曾有過這段「隨行」的經歷。由於行程保密，更是常常上演「諜戰片」般的情節，往往一通電話，就要「帶上家私」到翠山莊集合，準備執行任務。有時當天來回，有時待個兩三天，且每次出訪都像「特務出勤」，當天才會知道行程。北榮心臟內科主任林彥璋在2005年曾擔任隨行醫師，當時他剛升上專科醫師第二年。他說，心臟是人體最重要的幫浦，北榮團隊不敢掉以輕心，十八年來，幸不辱命，醫療團隊和李前總統的心臟一起努力到最後一刻。前總統李登輝移靈車隊上午從北榮離開，由警用機車開道，數百名台北榮總醫護人員列隊送行。記者蘇健忠／攝影前總統李登輝移靈車隊上午從北榮離開，醫護準備送行。圖／台北榮總提供前總統李登輝移靈車隊上午從北榮離開，由警用機車開道，數百名台北榮總醫護人員列隊送行。圖／台北榮總提供前總統李登輝移靈車隊上午從北榮離開，由警用機車開道，數百名台北榮總醫護人員列隊送行。圖／台北榮總提供
C,台東地區釋迦上市了，每年7月是釋迦夏期果開始生產的時節，釋迦果肉香甜、柔軟且含有豐富的鈣、鐵、磷、鋅等礦物質，品質佳營養豐富，消費者選購時可以挑選外觀圓整，鱗目大且為綠色或黃綠，鱗溝已開展的果實，不可放冰箱、不用塑膠袋保鮮膜包覆，在室溫下等待後熟變軟後方可食用。台東區農業改良場提醒，果實買回去後需放置於室溫下後熟，因釋迦果實不耐低溫冷藏，所以在果實未軟熟前不可以放在冰箱內，以免果實發生寒害，造成生理障害無法軟熟。釋迦後熟溫度需在15℃以上，放在20℃下約4天可軟熟，30℃約2天即軟熟，高於40℃果實會有硬殼不利後熟。另外，因釋迦果實呼吸率高，未軟熟前也不可以用塑膠袋或保鮮膜密封包裝，以免因果實在袋內呼吸產生大量的二氧化碳，造成果實無氧窒息，而無法軟熟；保鮮膜包裹的果實更容易因缺氧，致使果實行無氧呼吸，也會使果實無法正常的軟熟，甚至產生異味。台東場表示，釋迦軟熟的判斷標準，可以從果梗處按壓，可輕易用雙手對半剝開時為最佳品嘗時刻，撥開的釋迦可用湯匙挖取品嘗。果肉呈綿綿乳白色時最好吃，當果肉呈「水水」透明狀時，表示軟熟度太高，口感與風味會降低。若軟熟果如未能立即食用，可置於冰箱中冷藏或冷凍，果肉更清涼香甜，風味更佳。台東釋迦上市。圖／台東農改場提供用手輕按壓蒂頭，可分辨是否已經軟熟可食。圖／台東農改場提供
C,什麼是『意妥明』？意妥明（Clotiapine）是一種非典型的抗精神病藥，屬於第一代抗精神病藥物，經常用於思覺失調症、重度情感型異常、重度憂鬱、躁鬱病之躁期、戒斷徵侯群、焦慮型精神異常…….等疾患。『意妥明』的作用機轉可通過阻斷大腦中幾種神經傳導物質的受體而起作用，這些神經傳導物質受體包括：多巴胺受體（Dopamine type 4 receptors）、血清素受體（Serotonin type 2 receptors）、腎上腺素受體（Norepinephrine receptors）、乙醯膽鹼受體（Acetylcholine receptors）、組織胺受體（Histamine receptors）。『意妥明』的副作用由於意妥明會抑制這些神經傳導物質的受體，因此產生頭痛、嗜睡、噁心、便秘、口乾、流涎增加、頭暈、震顫、心律變快、出汗增多、體重增加、視力問題、發燒……等副作用。服用『意妥明』期間應該避免…..1. 避免喝酒：由於酒精亦具有神經抑制作用，二者併用將會加重上述副作用，而發生危險。2. 避免使用含咖啡因的飲料，例如：咖啡、茶、可樂、能量飲料。3. 避免駕駛或從事危險活動，因為頭暈或嗜睡會導致跌倒、事故或嚴重傷害。4. 避免從坐著或躺著的姿勢站起來太快，否則可能會感到頭暈。服用『意妥明』期間應注意事項『意妥明』會增加癲癇發作的風險，尤其是高劑量時，若出現下列情況，須盡速返診，並告知醫師。1. 臉部肌肉不受控制2. 癲癇發作3. 嚴重便秘4. 噁心、嘔吐、胃痛、腹脹5. 胸痛、心跳加速或劇烈跳動、心跳緩慢、呼吸急促、突然頭暈6. 食慾不振、胃痛（右上方腹痛）、疲倦、瘙癢、尿液顏色過深、黃疸7. 肌肉過度僵硬、發燒、出汗、精神錯亂、震顫8. 突然咳嗽、氣喘、呼吸急促、咳血提醒您，不論服用任何藥物，服藥期間，切勿服用酒精，以免產生嚴重的藥物交互作用。KingNet國家網絡醫藥，是一結合醫療、藥品、保健、養生的行動網絡平台，並經營華人醫療界最具規模醫藥諮詢，擁有1500位專業醫療人員，提供民眾在線免費醫療諮詢，致力健康醫療衛教之推廣，深受民眾與醫界信賴。 網站擁有超過6萬筆中西藥藥典，及上萬筆常見疾病及醫護名詞，破解艱深的醫療與用藥相關專有名詞，讓醫療更貼近群眾！【KingNet國家網路醫藥網站】：https://www.kingnet.com.tw/knNew/index.html【KingNet國家網路醫藥粉絲團】：https://www.facebook.com/kingmedical/
C,據「深圳發佈」官方微信公眾號消息，8月11日深圳市龍崗區對進口冷鏈食品排查檢測，12日經省、市疾控中心覆核，發現1份從巴西進口的凍雞翅（註冊號：SIF601；批號：7720051522）表面樣品新冠病毒核酸檢測結果呈陽性。新京報報導，深圳市疫情防控指揮部辦公室第一時間組織相關部門對可能接觸相關產品的人員進行全面核酸檢測，結果均為陰性，陽性樣品密切接觸者已納入健康管理；對全市相關庫存產品全部封存並進行核酸檢測，結果均為陰性，對已售出產品全部追溯並通報相關機構進行處置；對相關產品外包裝及存放環境全部進行消殺。深圳市有關部門將繼續開展對相關凍品的追溯檢測排查。指揮部辦公室提醒市民近期謹慎購買進口冷凍肉製品和水產品，同時注意做好個人防護，降低感染新冠病毒風險。深圳發現1份從巴西進口的凍雞翅，表面樣品新冠病毒核酸檢測結果呈陽性。圖／取自新浪微博
C,養生很重要的就是要「吃當季」，但當季該吃什麼？元氣網「吃當季」為您整理當季盛產的蔬果，介紹當下適合吃的蔬菜水果，其營養價值、食用注意事項，及最實用的食譜等。四季豆這類豆科植物，蛋白質含量相對比較多，算是它的一大特色。而且，別小看四季豆，豆莢的纖維質含量並不輸給葉菜類蔬菜，四季豆裡的纖維質就比空心菜、高麗菜來得高，也勝過蘆筍，堪稱是蔬菜中的「高纖一族」。【記者陳惠惠、羅建怡╱報導，出處／2008-12-07聯合報「元氣周報養生DIY」】（編註：文中受訪者職稱或有變更，敬請包涵）示範達人黃湘詅：國畫大師黃君璧幼女，自幼學習名門顯要的餐宴哲學；熱愛旅行，用味覺記取旅途曾停駐的許多城市。著作╱帶著刁嘴去旅行。達人說四季豆四季豆就是菜豆，豆莢飽滿、肥碩多汁就是好豆，再折一折，沒有老筋、色澤嫩綠、表皮又光潔，做起四季大餐才夠味。四季豆料理食譜清炒四季豆清炒四季豆 聯合報系資料照 記者徐世經／攝影材料：四季豆300克，紅辣椒兩根，鹽、味精、雞湯、蔥薑、料酒、油適量做法：1.先將四季豆去筋，斜切成小段。2.油熱後，放入蔥薑及料酒；倒入四季豆煸炒。3.加入味精、白糖、雞湯、鹽，大火烹炒。4.待汁收乾，淋入香油，即完成。四季豆水餃四季豆水餃 聯合報系資料照 記者徐世經／攝影材料：絞肉200克、四季豆300克、高麗菜100克、紅蘿蔔50克、香菇50克、冬粉一包、水餃皮10張做法：1.把四季豆、高麗菜、紅蘿蔔、香菇切碎。2.冬粉燙熟後也切碎。3.和絞肉一同和拌均勻，加入醬油、麻油及鹽，即成餡料。4.將調好的內餡包入餃子皮裡，即完成。TIPS：煮水餃水要多、水要滾，放一點鹽，再下水餃，保持一樣的溫度，水餃都浮起來就是熟了。水滾後下餃子，共加三次水也是另一種方法。四季豆炒肉末四季豆炒肉末 聯合報系資料照 記者徐世經／攝影材料：四季豆400克、絞肉400克、紅蘿蔔丁少許、鹽巴適量、醬油半湯匙做法：1.紅蘿蔔削皮，厚切成小丁狀。四季豆去頭尾，洗乾淨，切小丁狀約一公分長。2.起油鍋熱鍋後，下紅蘿蔔丁炒一下。3.再下絞肉一起拌炒，加入一杯水及醬油跟一點點鹽巴調味。4.炒熟後，放入四季豆丁一起炒，滾約三分鐘，即可盛盤食用。TIPS：這道菜直接可拌飯或拌麵吃，也是很好的便當菜喔！
C,曾紅透台灣的偶像團體「F4」之一朱孝天，疫情發生後與老婆大陸女星韓雯雯分開半年之久，這幾天老婆終於隔離完成來台相聚，12日他出席網路新節目「孝天食旅」記者會，自爆自己過去忽胖忽瘦是因為罹患「纖維肌痛症」而無法拍戲，他現身時氣色不錯，體態也不差但他稱體會到人間無常，未來會過著慢活的40歲男人生活。朱孝天透露自己身體發生狀況，因為飽受多年來忽胖忽瘦，加上運動後受傷身體無法自主復原而做了檢查，才發現他的基因先天上有問題，「類似僵直性脊椎炎，但又不是，肌肉會痛不會自主復原，常要物理治療，醫學上叫纖維肌痛症，在美國是退伍老兵才會因為長期緊繃不能放鬆而發作。」他說自己和老婆結婚4年很喜歡小孩，也曾想過為了生下一代做基因篩選，但醫生透露他能取樣的數值太小，目前老婆先凍卵，因為自己體力上和目前世界和他以往認知的也不同，無法保證能給下一代正確的人生觀，生孩子的事情就順其自然。他每年結婚紀念日都和老婆完成一個島的旅行，兩人走過泰國、峇里島和日本等地，今年他剛好在路上碰到以前合作綜藝節目的友人，決定開設一個youtube節目叫做「孝天行旅」，以紀錄片方式由他一個40歲男人的觀點，介紹台灣各地風景，第一站將去澎湖，老婆以前就很喜歡「外婆的澎湖灣」這條歌，兩人將會以此作為結婚紀念一起入鏡，新節目預計九月開播。朱孝天說，他今年一月從大連回台灣就爆發疫情，老婆待在老家直到前幾天才來台隔離14天完成出關，他這半年因為精力無從發洩，而去學了烘培，已考上烘培施師傅的丙級證照，加上妹妹曾在法國藍帶廚藝學校畢業，未來考慮開個麵包店。至於昔日F4是否有聯絡？他說：「他們在不在台灣我都不知道，只有前幾天我老婆看到言承旭媒體登的肌肉照片特別拿給我看，說你看看人家練成那樣子？」他笑說，自己很佩服言承旭的毅力，但一個結婚的女人看別的男人對嗎？朱孝天難得露相。 圖／視覺中國圖／記者楊起鳳攝影曾紅透台灣的偶像團體「F4」之一朱孝天，疫情發生後與老婆大陸女星韓雯雯分開半年之久，這幾天老婆終於隔離完成來台相聚。圖／擷自微博
C,馬來西亞網紅歌手許佳麟外型帥氣，以拿手翻唱歌cover吸引不少網友關注，光在臉書平台擁有逾百萬人按讚追蹤。最近他透露生活不順，除了與女友分手外，自己健康狀況也出問題，昨（11日）曝光鼻孔下蛀大洞照，嚇壞許多粉絲。許佳麟昨天透露，前兩年發現牙齦發炎卻置之不理，豈料它越來越腫，腫到最後則出現膿包，就醫後發現原來是牙齦和頭骨被細菌侵蝕，導致鼻孔下有一個很大的無底洞，醫生更直言「說不定以後會毀容」，再晚些開刀可能鼻孔就會穿洞了。最後他也對自己信心喊話，告訴自己「加油吧Danny！你可以的」。許佳麟除了曝光手術時血淋淋的照片外，當中還有一張X光照片，只見他的上排牙齒空了一個相當大的洞，位置差一點點就到達鼻子。粉絲們看完照片都相當擔憂，紛紛留言替他加油打氣，並祝福早日康復。許佳麟透露昨天做了一個長達5小時的手術，醫生將他的牙齦上方鑽出大洞。圖／擷自臉書許佳麟透露昨天做了一個長達5小時的手術，醫生將他的牙齦上方鑽出大洞。圖／擷自IG許佳麟透露昨天做了一個長達5小時的手術，醫生發現他的牙齦與附近頭骨都遭細菌侵蝕，上排牙齒上方鑽出一個大洞。圖／擷自臉書
C,選擇正確油脂　助抗發炎不發胖養生觀念抬頭，民眾聞油色變。事實上，油脂屬六大營養素之一，對身體細胞具重要角色。瀚仕抗衰老醫學中心院長林曉凌醫師表示，細胞是脂肪酸的結構，人體中包括神經系統、荷爾蒙的製造與合成，都需要好的脂肪酸才能作用。雖然大眾逐漸瞭解，「飽和脂肪」最好勿攝取過量，但是在食品加工過程中，為將植物油製作以應用於各項用途，出現了反式脂肪。醫師提醒，反式脂肪比飽和脂肪更不健康，民眾應該更加注意。林曉凌說明，坊間多有植物性油脂較健康的觀念，常見的油脂種類如大豆油、花生油為主，多以Omega6為主的必需脂肪酸，如果長期單一攝取，容易造成Omega3攝取量相對不足。Omega3跟Omega6的平衡攝取，其實跟人體的發炎反應有重要關聯，如果Omega6攝取過多將會導致前列腺素2引起發炎反應，醫師建議可多選擇富含Omega3的食物及營養品，讓攝取平衡至少維持在30:1以下，甚至最好接近1:1，有利於增加抗發炎作用。烹調方式不同 也會影響油脂選擇林曉凌指出，油脂對身體健不健康，與烹調方式也有很大關係。如果習慣使用高溫烹調，應選擇相對穩定的油品，另外，並非所有飽和脂肪都對健康有害，像植物性的飽和脂肪，如椰子油不適合用於高溫烹調，且分為很多不同種類，如「初榨椰子油」可以直接用於料理、當果醬塗抹或是加入飲料，從中萃取出的MCT（中鍵脂肪酸），除了分子較小容易吸收，也會用於某一些疾病的輔助治療。平常該如何增加Omega3脂肪酸的攝取來源？林曉凌解釋，除了常聽到的EPA、DHA，ALA亞麻油酸也是一個攝取來源，可以從亞麻仁籽油、堅果油、紫蘇籽油或是黑種草籽油，都是可選擇的種類，惟這些油品無法使用在高溫烹調下，可採用涼拌的方式食用，或料理烹煮後加在湯裡，有些也可以直接適量攝取。脂肪酸特性大不同 有效降低免疫反應不飽和脂肪酸中的必需脂肪酸是Omega3與Omega6，主要是從食物攝取，而Omega9則是可以從其他的脂肪酸來進行轉換與合成，民眾也因此較少注意。林曉凌說明，Omega9是一種單元不飽和脂肪酸，常見於葵花籽油或是亞麻仁籽油當中，對降低免疫反應有很大的幫助，Omega3、Omega6及Omega9對細胞各有不同用途，平均攝取且避免使用單一油品，會是比較健康的飲食方式。(以上新聞文字、照片皆屬《今健康》版權所有，非授權合作媒體，禁止任何網站、媒體、論壇引用及改寫。)訂閱《今健康》（https://www.facebook.com/nowhealthtw）全家都健康，專訪全台專科醫師與營養師，提供最正確實用的健康資訊與圖文報導，每周線上直播邀請醫師專家解答健康迷思，實用、即時、專業，照顧全家人的數位媒體。
C,許多老人家以為手腳痠痛、行動緩慢為老化現象，專家指出，不可輕忽身體警示。 圖／聯合報系資料照片下肢疼痛不可輕忽，桃園72歲婦人走路到菜市場，短短路程出現左下肢疼痛，多次短暫休息，經檢查發現罹患周邊動脈阻塞，護理師提醒，許多老人家以為手腳痠痛是正常老化現象，易延誤診斷及治療時機，要注意身體發出的警示。衛福部桃園醫院心臟內科護理長林玉霞表示，7旬婦人在接受經皮血管內血管成形術（PTA）及血栓溶解藥物治療後獲得改善，她說，若身體突然出現單腳水腫泛白、皮膚看起來透亮，感覺冰冷、麻、皮膚潰瘍不易癒合，有可能是下肢血管出現阻塞。林玉霞指出，腿部肌肉因運動而引起缺血、缺氧，造成間歇性跛行，常會因為走路而引發，休息時獲得改善，若嚴重缺血，連休息都無法獲得足夠的供血量，疼痛無法緩解時，可能導致組織壞死，甚至有截肢的風險，不可不留意。林玉霞建議日常生活要控制體重、適度運動、避免動物性脂肪，採植物油，盡量食用油脂較少的白肉如雞肉、魚類等，並控制血糖在理想範圍，另外，每個人一天需喝2千cc的水量。癮君子更需戒菸，二、三手菸也要盡量避免，林玉霞說，菸是最大的危險因子，尼古丁會造成動脈硬化，加速血管攣縮和抑制側肢循環。
C,男性會因為睪固酮減少，出現「男性更年期」的症狀。圖/123RF40歲後是男性體能的分水嶺，研究指出，近三成男性有勃起功能障礙，除了伴侶關係受挑戰，更須正視的是，這可能是許多慢性疾病的前兆。但爸爸面對相關泌尿問題多半難以啟齒，身心互為影響的情況下，各種危及健康的疾病悄悄上身。父親節剛過，但爸爸的健康不能輕輕帶過，元氣周報請來泌尿專家，提醒爸爸們認真面對下半身問題。男性最怕說「不行」，但你知道嗎？爸爸的「性」福與否，其實傳達了健康徵兆。臨床發現，40歲後是男性體能的分水嶺，有些人早上睡醒時，發現「陳伯（晨勃）」不再每天來打招呼；更有男性與另一半在床笫之間做愛做的事時，出現「舉」旗不定、力不從心的情形。有研究指出，近三成男性有勃起功能障礙（ED），除了伴侶關係受挑戰外，更須正視的是，這可能是許多慢性疾病的前兆。勃起障礙年輕化 心血管危機隨著年紀的增長，男性會因為睪固酮減少，出現「男性更年期」的症狀，包含情緒低落、體力變差、性欲低下、不舉等症狀。台灣男性學醫學會理事長、林口長庚醫院男性學及婦女泌尿科主任陳煜表示，中年男性面對相關泌尿、勃起功能問題時，多半難以啟齒。忍到不得不就醫時，往往情況已嚴重、治療困難，且在身心互為影響的情況下，恐衍生心血管、三高等多重共病。勃起功能障礙有年輕化的趨勢，陳煜說，現代男性經常需熬夜拚工作，壓力大，加上熬夜、負面情緒多等因素，導致還不到更年期，勃起功能就出現障礙。長庚醫院男性健康聯合門診統計顯示，40歲以下男性因勃起功能障礙求診的比率約25%，已非年長者的專利。更年期到來 男性荷爾蒙下降不過也有醫師持不同看法。台灣泌尿科醫學會理事、台大醫院泌尿部主任張宏江表示，50歲才是男性體能的分水嶺，因接近男性更年期（約50至60歲間），除了易發生勃起功能障礙，攝護腺體也開始增生。據臨床統計，男性生育力高峰約落在30歲，之後逐年下降，面臨更年期時，感受更為明顯，不過40歲也可稱為男性體力的「警覺期」。張宏江說，男性性功能障礙不只勃起功能問題，也有早發性射精（早洩），不少男性為此所苦。勃起功能障礙俗稱陽痿，是指性交時陰莖無法勃起，或在插入陰道後難以維持足夠的硬度，導致出現性交困難。男性若不見晨勃時，也得留意可能是因更年期到來、男性荷爾蒙下降所致。另外，勃起障礙也是血管功能變差的警訊，可能發生心血管疾病如冠狀動脈硬化、第二型糖尿病、代謝症候群等疾病。規律運動 有助產生睪固酮男性因勃起功能障礙就醫時，陳煜說，可透過檢驗陰莖勃起、神經功能、超音波等進行判斷，看是否有明顯的血流量不足、靜脈滲漏、組織或神經損傷等問題。並透過藥物、介入性血管攝影打通血流、低能量體外震波等治療方式，來改善勃起障礙、增加男性的自信心。呼籲男性若覺性功能出現問題時別害羞，應立即就醫，以免延誤病情。除了積極就醫，陳煜也呼籲男性正常作息、均衡飲食、定期檢查，多運動也有助產生睪固酮。我該就醫嗎？自我檢測勃起功能該如何自我檢測、評斷是否該就醫？張宏江說，可先參考網路上「國際勃起功能指標量表（IIEF）」及「勃起硬度級數（EHS）」，初步判斷自己是否已有勃起功能障礙。IIEF量表內容包含勃起信心、次數、性交困難度等，男性據實填寫後，若分數低於或等於21分，就需透過專業泌尿科醫師來診斷與治療。EHS則將勃起硬度分成四級，第一級為重度，陰莖變大但沒有硬度，硬度象徵為蒟蒻；第二級為中度，陰莖有硬度但無法行房，象徵為剝皮香蕉；第三級為輕度，陰莖硬度雖可行房但未完全堅挺，以帶皮香蕉為象徵；第四級則為陰莖完全堅挺，可以小黃瓜作為象徵。國際勃起功能指標量表(IIEF) 製表/元氣周報
C,攝護腺肥大示意圖 圖/123RF 製表/元氣周報父親節剛過，但爸爸的健康不能輕輕帶過。中年爸爸常見泌尿相關問題，衛生福利部桃園醫院醫師呂其峰表示，40歲之後的男性會漸漸浮現排尿困難、頻尿、夜尿等問題。解決排尿障礙 藥物治療優先呂其峰指出，一般民眾可利用國際攝護腺症狀評分（IPSS）檢查自身有無攝護腺問題，7個問題中，詢問近一個月來，是否有出現尿柱較細、尿液斷斷續續、常需要跑廁所等症狀，0至7分為輕度、8至19分為中度、20分為重度。良性攝護腺肥大會造排尿功能障礙，呂其峰表示，輕度者如不影響生活，無須治療，建議分數達中重度者再進行治療。治療方式並不是依嚴重程度來區分，而是將其分為阻塞性症狀和刺激性症狀兩種類型。呂其峰解釋，阻塞性症狀有解尿困難、尿柱變細、尿不乾淨、斷斷續續等問題；刺激性症狀為尿很急、2小時內會想上廁所、晚上一直起來跑廁所等。兩種狀況皆會以藥物治療為優先，如沒有效果才建議動手術。手術併發症 常見射精無精液手術常見性的併發症為出血、感染，呂其峰指出，攝護腺手術由於會刮除膀胱頸，有些患者可能會出現膀胱窄、逆行性射精等狀況，逆行性射精意指病人爾後射精時會沒有精液，少部分的人則會有性功能障礙，但比率相當低。呂其峰解釋，男性在射精時，膀胱頸需關閉，但攝護腺手術須將膀胱頸刮除，雖然手術復原後一樣可以有射精的動作，但卻不會有精液，若患者有考慮生小孩則不建議動手術。不過他說，有攝護腺肥大的患者多數皆已年過40歲、有小孩，較少出現生育問題考量。攝護腺癌 症狀與肥大相似不少民眾擔心罹患攝護腺問題是否會導致不舉、造成婚姻不性福，呂其峰表示，目前沒有證據指出兩者有相關，攝護腺問題與不舉常發生在年歲較長的男性，因此眾人才會以為兩者有因果關係，其實不然。年紀較大、長期有代謝症候群的男性，身體如處於慢性發炎，很有可能同時罹患攝護腺肥大和勃起障礙。除攝護腺肥大的狀況，也有可能出現攝護腺惡性腫瘤。呂其峰說，兩者的症狀一開始差不多，不過一旦體內細胞轉為癌細胞，就變成惡性腫瘤，他強調，良性攝護腺肥大與攝護腺惡性腫瘤為兩件不相關的病況，並不會從良性轉為惡性。檢驗PSA指數 初步篩檢工具攝護腺惡性腫瘤晚期，有些人會出現遠端轉移，如淋巴結腫大等狀況，可能會壓迫到下肢循環，如遠端轉移至骨頭，則會出現骨頭疼痛的狀況，一開始的確很難跟良性做出分別，因此需要進行抽血等檢驗，呂其峰表示，男性的健康檢查中，通常都會有PSA（攝護腺特異抗原）抽檢，可反應攝護腺的大小並作為攝護腺癌篩檢工具，超過4ng/mL，會懷疑有異常。不過該檢驗易受到許多狀況影響，如攝護腺較大、發炎、撞到、剛射精等，數值都會偏高，需經其他工具輔助評估是否有惡性腫瘤。罹患攝護腺惡性腫瘤的治療方式視病情而定，有積極觀察、定期抽血、手術、放射線治療、荷爾蒙治療、化療等。呂其峰指出，國內的攝護腺惡性腫瘤罹患率沒有特別高，且有八成因病情進展不快，不會威脅生命安危，甚至很多患者都是過世後才發現。攝護腺保健錦囊● 不要憋尿、多喝水。● 保持生活作息正常、常運動。● 多吃蔬菜及水果。● 少吃紅肉，以魚肉或植物性蛋白質替代；少吃澱粉，少喝酒及刺激性食物。● 可補充綠茶、茄紅素、南瓜籽、鋸棕櫚萃取物、黑麥花粉萃取物食品。資料提供╱呂其峰醫師IPSS國際攝護腺症狀評分 製表/元氣周報
